ctime,schemaname,relname,seq_scan,seq_tup_read,idx_scan,idx_tup_fetch,n_tup_ins,n_tup_upd,n_tup_del,n_tup_hot_upd,n_live_tup,n_dead_tup,heap_blks_read,heap_blks_hit,idx_blks_read,idx_blks_hit,toast_blks_read,toast_blks_hit,tidx_blks_read,tidx_blks_hit
1416392250.41152,pg_catalog,pg_attrdef,0,0,0,0,0,0,0,0,0,0,0,0,0,0,0,0,0,0
1416392250.41152,pg_catalog,pg_db_role_setting,0,0,101068,0,0,0,0,0,0,0,0,0,303,100765,0,0,0,0
1416392250.41152,pg_catalog,pg_rowsecurity,0,0,0,0,0,0,0,0,0,0,0,0,0,0,,,,
1416392250.41152,pg_catalog,pg_description,0,0,3394,0,0,0,0,0,0,0,0,0,963,6586,0,0,0,0
1416392250.41152,pg_catalog,pg_foreign_data_wrapper,0,0,0,0,0,0,0,0,0,0,0,0,0,0,,,,
1416392250.41152,pg_catalog,pg_conversion,0,0,0,0,0,0,0,0,0,0,0,0,0,0,,,,
1416392250.41152,pg_catalog,pg_class,7554,1626451,599208,546532,1332,414,1360,403,309,83,7670,626639,5474,1253400,,,,
1416392250.41152,pg_catalog,pg_opfamily,0,0,0,0,0,0,0,0,0,0,0,0,0,0,,,,
1416392250.41152,pg_catalog,pg_auth_members,0,0,0,0,0,0,0,0,0,0,0,0,0,0,,,,
1416392250.41152,pg_catalog,pg_operator,0,0,185492,974479,0,0,0,0,0,0,5173,673849,4563,402156,,,,
1416392250.41152,pg_toast,pg_toast_12345,0,0,0,0,0,0,0,0,0,0,0,0,0,0,,,,
1416392250.41152,pg_catalog,pg_attribute,2046,13950,491776,1108948,4932,130,4976,130,2470,699,19602,545124,4564,1027727,,,,
1416392250.41152,pg_catalog,pg_tablespace,0,0,17228,17228,0,0,0,0,0,0,508,16720,1055,33479,,,,
1416392250.41152,pg_catalog,pg_statistic,0,0,135879,130740,1065,2979,1131,2822,402,156,13665,126052,1583,290328,33001,131637,1496,162266
1416392250.41152,pg_catalog,pg_aggregate,0,0,12909,12909,0,0,0,0,0,0,964,11945,2193,20310,,,,
1416392250.41152,pg_catalog,pg_inherits,0,0,761,0,0,0,0,0,0,0,0,0,335,426,,,,
1416392250.41152,pg_catalog,pg_enum,0,0,0,0,0,0,0,0,0,0,0,0,0,0,,,,
1416392250.41152,public,orders,0,0,,,0,0,0,0,0,0,0,0,,,,,,
1416392250.41152,pg_toast,pg_toast_2396,0,0,0,0,0,0,0,0,0,0,0,0,0,0,,,,
1416392250.41152,pg_catalog,pg_pltemplate,0,0,0,0,0,0,0,0,0,0,0,0,0,0,,,,
1416392250.41152,pg_toast,pg_toast_2618,0,0,2505,8000,0,0,0,0,0,0,1484,1586,442,3598,,,,
1416392250.41152,pg_toast,pg_toast_3596,0,0,0,0,0,0,0,0,0,0,0,0,0,0,,,,
1416392250.41152,pg_toast,pg_toast_2606,0,0,0,0,0,0,0,0,0,0,0,0,0,0,,,,
1416392250.41152,pg_toast,pg_toast_2964,0,0,0,0,0,0,0,0,0,0,0,0,0,0,,,,
1416392250.41152,pg_toast,pg_toast_12330,0,0,0,0,0,0,0,0,0,0,0,0,0,0,,,,
1416392250.41152,pg_catalog,pg_database,1807,6904,82029,82029,0,0,0,0,0,0,217,83619,1357,131152,,,,
1416392250.41152,information_schema,sql_sizing_profiles,0,0,,,0,0,0,0,0,0,0,0,,,0,0,0,0
1416392250.41152,public,lineitem,0,0,,,0,0,0,0,0,0,0,0,,,,,,
1416392250.41152,pg_toast,pg_toast_2620,0,0,0,0,0,0,0,0,0,0,0,0,0,0,,,,
1416392250.41152,pg_catalog,pg_depend,0,0,31553,33944,5753,0,5814,0,6624,402,5754,40537,8120,81798,,,,
1416392250.41152,public,partsupp,0,0,,,0,0,0,0,0,0,0,0,,,,,,
1416392250.41152,pg_catalog,pg_language,0,0,0,0,0,0,0,0,0,0,0,0,0,0,,,,
1416392250.41152,pg_toast,pg_toast_12320,0,0,0,0,0,0,0,0,0,0,0,0,0,0,,,,
1416392250.41152,pg_catalog,pg_amproc,372,744,105708,166300,0,0,0,0,0,0,519,103948,945,235101,,,,
1416392250.41152,public,region,0,0,,,0,0,0,0,0,0,0,0,,,,,,
1416392250.41152,pg_catalog,pg_collation,0,0,0,0,0,0,0,0,0,0,0,0,0,0,,,,
1416392250.41152,pg_catalog,pg_range,0,0,5809,0,0,0,0,0,0,0,0,0,2334,9284,,,,
1416392250.41152,pg_toast,pg_toast_2609,0,0,0,0,0,0,0,0,0,0,0,0,0,0,,,,
1416392250.41152,pg_catalog,pg_opclass,372,372,145638,1640137,0,0,0,0,0,0,1137,650669,2335,178145,,,,
1416392250.41152,information_schema,sql_packages,0,0,,,0,0,0,0,0,0,0,0,,,0,0,0,0
1416392250.41152,public,supplier,0,0,,,0,0,0,0,0,0,0,0,,,,,,
1416392250.41152,pg_catalog,pg_rewrite,0,0,5959,4717,414,0,414,0,111,14,2998,5233,1382,8782,1484,1586,884,7196
1416392250.41152,public,customer,0,0,,,0,0,0,0,0,0,0,0,,,,,,
1416392250.41152,pg_toast,pg_toast_1255,0,0,0,0,0,0,0,0,0,0,0,0,0,0,,,,
1416392250.41152,pg_catalog,pg_seclabel,0,0,3394,0,0,0,0,0,0,0,0,0,314,3080,0,0,0,0
1416392250.41152,pg_toast,pg_toast_12335,0,0,0,0,0,0,0,0,0,0,0,0,0,0,,,,
1416392250.41152,pg_catalog,pg_ts_parser,0,0,0,0,0,0,0,0,0,0,0,0,0,0,,,,
1416392250.41152,pg_catalog,pg_trigger,0,0,0,0,0,0,0,0,0,0,0,0,0,0,0,0,0,0
1416392250.41152,public,part,0,0,,,0,0,0,0,0,0,0,0,,,,,,
1416392250.41152,pg_toast,pg_toast_12340,0,0,0,0,0,0,0,0,0,0,0,0,0,0,,,,
1416392250.41152,pg_catalog,pg_shseclabel,0,0,0,0,0,0,0,0,0,0,0,0,0,0,,,,
1416392250.41152,pg_catalog,pg_event_trigger,0,0,1265,0,0,0,0,0,0,0,0,0,354,911,,,,
1416392250.41152,information_schema,sql_features,0,0,,,0,0,0,0,0,0,0,0,,,0,0,0,0
1416392250.41152,information_schema,sql_languages,0,0,,,0,0,0,0,0,0,0,0,,,0,0,0,0
1416392250.41152,pg_catalog,pg_foreign_table,0,0,0,0,0,0,0,0,0,0,0,0,0,0,,,,
1416392250.41152,pg_catalog,pg_extension,0,0,0,0,0,0,0,0,0,0,0,0,0,0,,,,
1416392250.41152,pg_catalog,pg_ts_config,0,0,0,0,0,0,0,0,0,0,0,0,0,0,,,,
1416392250.41152,pg_catalog,pg_shdescription,0,0,0,0,0,0,0,0,0,0,0,0,0,0,0,0,0,0
1416392250.41152,pg_catalog,pg_cast,0,0,809835,192192,0,0,0,0,0,0,1087,191105,667,832397,,,,
1416392250.41152,pg_catalog,pg_amop,0,0,216947,315944,0,0,0,0,0,0,1600,314344,3543,458896,,,,
1416392250.41152,pg_catalog,pg_user_mapping,0,0,0,0,0,0,0,0,0,0,0,0,0,0,,,,
1416392250.41152,pg_toast,pg_toast_12315,0,0,0,0,0,0,0,0,0,0,0,0,0,0,,,,
1416392250.41152,pg_catalog,pg_type,0,0,573853,568185,1508,0,1508,0,360,21,3865,571101,5610,1179347,,,,
1416392250.41152,pg_catalog,pg_largeobject,0,0,0,0,0,0,0,0,0,0,0,0,0,0,,,,
1416392250.41152,information_schema,sql_parts,0,0,,,0,0,0,0,0,0,0,0,,,0,0,0,0
1416392250.41152,pg_catalog,pg_ts_config_map,0,0,0,0,0,0,0,0,0,0,0,0,0,0,,,,
1416392250.41152,pg_catalog,pg_largeobject_metadata,0,0,0,0,0,0,0,0,0,0,0,0,0,0,,,,
1416392250.41152,pg_catalog,pg_am,25201,25201,0,0,0,0,0,0,0,0,354,24847,0,0,,,,
1416392250.41152,public,nation,0,0,,,0,0,0,0,0,0,0,0,,,,,,
1416392250.41152,pg_catalog,pg_ts_template,0,0,0,0,0,0,0,0,0,0,0,0,0,0,,,,
1416392250.41152,pg_catalog,pg_foreign_server,0,0,0,0,0,0,0,0,0,0,0,0,0,0,,,,
1416392250.41152,pg_catalog,pg_namespace,1050,89228,135779,111843,2,0,0,0,2,0,568,113378,1635,159933,,,,
1416392250.41152,pg_toast,pg_toast_2619,0,0,100216,335910,3947,0,3949,0,21,301,33001,131637,1496,162266,,,,
1416392250.41152,pg_catalog,pg_authid,593,593,48155,48155,0,0,0,0,0,0,303,48445,1396,94914,,,,
1416392250.41152,pg_catalog,pg_default_acl,0,0,3044,0,0,0,0,0,0,0,0,0,319,2725,,,,
1416392250.41152,public,time_statistics,0,0,,,1,0,0,0,1,0,1,0,,,,,,
1416392250.41152,pg_catalog,pg_shdepend,0,0,4082,753,0,0,0,0,0,0,353,400,1353,4231,,,,
1416392250.41152,pg_catalog,pg_constraint,0,0,216,112,104,0,112,0,2,16,58,604,106,1062,0,0,0,0
1416392250.41152,information_schema,sql_implementation_info,0,0,,,0,0,0,0,0,0,0,0,,,0,0,0,0
1416392250.41152,pg_catalog,pg_index,3703,338382,268883,382588,571,0,599,0,115,43,3352,387253,1845,307547,,,,
1416392250.41152,pg_catalog,pg_ts_dict,0,0,0,0,0,0,0,0,0,0,0,0,0,0,,,,
1416392250.41152,pg_toast,pg_toast_2604,0,0,0,0,0,0,0,0,0,0,0,0,0,0,,,,
1416392250.41152,pg_toast,pg_toast_12325,0,0,0,0,0,0,0,0,0,0,0,0,0,0,,,,
1416392250.41152,information_schema,sql_sizing,0,0,,,0,0,0,0,0,0,0,0,,,0,0,0,0
1416392250.41152,pg_catalog,pg_proc,0,0,213840,316703,0,0,0,0,0,0,18568,212558,8949,464568,0,0,0,0
1416392310.41359,pg_catalog,pg_attrdef,0,0,0,0,0,0,0,0,0,0,0,0,0,0,0,0,0,0
1416392310.41359,pg_catalog,pg_db_role_setting,0,0,101328,0,0,0,0,0,0,0,0,0,304,101024,0,0,0,0
1416392310.41359,pg_catalog,pg_rowsecurity,0,0,0,0,0,0,0,0,0,0,0,0,0,0,,,,
1416392310.41359,pg_catalog,pg_description,0,0,3394,0,0,0,0,0,0,0,0,0,963,6586,0,0,0,0
1416392310.41359,pg_catalog,pg_foreign_data_wrapper,0,0,0,0,0,0,0,0,0,0,0,0,0,0,,,,
1416392310.41359,pg_catalog,pg_conversion,0,0,0,0,0,0,0,0,0,0,0,0,0,0,,,,
1416392310.41359,pg_catalog,pg_class,7587,1629317,600153,547413,1349,414,1360,403,326,83,7670,627866,5474,1255488,,,,
1416392310.41359,pg_catalog,pg_opfamily,0,0,0,0,0,0,0,0,0,0,0,0,0,0,,,,
1416392310.41359,pg_catalog,pg_auth_members,0,0,0,0,0,0,0,0,0,0,0,0,0,0,,,,
1416392310.41359,pg_catalog,pg_operator,0,0,185550,974593,0,0,0,0,0,0,5185,673932,4564,402291,,,,
1416392310.41359,pg_toast,pg_toast_12345,0,0,0,0,0,0,0,0,0,0,0,0,0,0,,,,
1416392310.41359,pg_catalog,pg_attribute,2068,14100,492583,1110996,4957,137,4976,137,2495,7,19623,546470,4584,1029551,,,,
1416392310.41359,pg_catalog,pg_tablespace,0,0,17235,17235,0,0,0,0,0,0,509,16726,1058,33492,,,,
1416392310.41359,pg_catalog,pg_statistic,0,0,136042,130859,1103,3079,1131,2920,440,243,13682,126330,1583,290746,33043,132235,1498,162702
1416392310.41359,pg_catalog,pg_aggregate,0,0,12910,12910,0,0,0,0,0,0,965,11945,2195,20310,,,,
1416392310.41359,pg_catalog,pg_inherits,0,0,761,0,0,0,0,0,0,0,0,0,335,426,,,,
1416392310.41359,pg_catalog,pg_enum,0,0,0,0,0,0,0,0,0,0,0,0,0,0,,,,
1416392310.41359,public,orders,0,0,,,15000000,0,0,0,15000000,0,253333,543656,,,,,,
1416392310.41359,pg_toast,pg_toast_2396,0,0,0,0,0,0,0,0,0,0,0,0,0,0,,,,
1416392310.41359,pg_catalog,pg_pltemplate,0,0,0,0,0,0,0,0,0,0,0,0,0,0,,,,
1416392310.41359,pg_toast,pg_toast_2618,0,0,2510,8016,0,0,0,0,0,0,1489,1587,442,3606,,,,
1416392310.41359,pg_toast,pg_toast_3596,0,0,0,0,0,0,0,0,0,0,0,0,0,0,,,,
1416392310.41359,pg_toast,pg_toast_2606,0,0,0,0,0,0,0,0,0,0,0,0,0,0,,,,
1416392310.41359,pg_toast,pg_toast_2964,0,0,0,0,0,0,0,0,0,0,0,0,0,0,,,,
1416392310.41359,pg_toast,pg_toast_12330,0,0,0,0,0,0,0,0,0,0,0,0,0,0,,,,
1416392310.41359,pg_catalog,pg_database,1811,6914,82235,82235,0,0,0,0,0,0,217,83829,1361,131483,,,,
1416392310.41359,information_schema,sql_sizing_profiles,0,0,,,0,0,0,0,0,0,0,0,,,0,0,0,0
1416392310.41359,public,lineitem,0,0,,,0,0,0,0,0,0,0,0,,,,,,
1416392310.41359,pg_toast,pg_toast_2620,0,0,0,0,0,0,0,0,0,0,0,0,0,0,,,,
1416392310.41359,pg_catalog,pg_depend,0,0,31623,34008,5787,0,5814,0,6658,402,5760,40682,8124,82104,,,,
1416392310.41359,public,partsupp,3,24000000,0,0,8000000,0,0,0,8000000,0,340611,954509,0,0,,,,
1416392310.41359,pg_catalog,pg_language,0,0,0,0,0,0,0,0,0,0,0,0,0,0,,,,
1416392310.41359,pg_toast,pg_toast_12320,0,0,0,0,0,0,0,0,0,0,0,0,0,0,,,,
1416392310.41359,pg_catalog,pg_amproc,376,752,105850,166513,0,0,0,0,0,0,519,104093,945,235423,,,,
1416392310.41359,public,region,2,10,0,0,5,0,0,0,5,0,1,3,0,0,,,,
1416392310.41359,pg_catalog,pg_collation,0,0,0,0,0,0,0,0,0,0,0,0,0,0,,,,
1416392310.41359,pg_catalog,pg_range,0,0,5809,0,0,0,0,0,0,0,0,0,2334,9284,,,,
1416392310.41359,pg_toast,pg_toast_2609,0,0,0,0,0,0,0,0,0,0,0,0,0,0,,,,
1416392310.41359,pg_catalog,pg_opclass,376,376,145864,1643606,0,0,0,0,0,0,1137,651831,2335,178436,,,,
1416392310.41359,information_schema,sql_packages,0,0,,,0,0,0,0,0,0,0,0,,,0,0,0,0
1416392310.41359,public,supplier,4,400000,0,0,100000,0,0,0,100000,0,2312,15648,0,0,,,,
1416392310.41359,pg_catalog,pg_rewrite,0,0,5966,4724,414,0,414,0,111,14,3002,5236,1382,8794,1489,1587,884,7212
1416392310.41359,public,customer,6,9000000,0,0,1500000,0,0,0,1500000,0,68533,294857,0,0,,,,
1416392310.41359,pg_toast,pg_toast_1255,0,0,0,0,0,0,0,0,0,0,0,0,0,0,,,,
1416392310.41359,pg_catalog,pg_seclabel,0,0,3394,0,0,0,0,0,0,0,0,0,314,3080,0,0,0,0
1416392310.41359,pg_toast,pg_toast_12335,0,0,0,0,0,0,0,0,0,0,0,0,0,0,,,,
1416392310.41359,pg_catalog,pg_ts_parser,0,0,0,0,0,0,0,0,0,0,0,0,0,0,,,,
1416392310.41359,pg_catalog,pg_trigger,0,0,0,0,0,0,0,0,0,0,0,0,0,0,0,0,0,0
1416392310.41359,public,part,6,12000000,0,0,2000000,0,0,0,2000000,0,79007,327715,0,0,,,,
1416392310.41359,pg_toast,pg_toast_12340,0,0,0,0,0,0,0,0,0,0,0,0,0,0,,,,
1416392310.41359,pg_catalog,pg_shseclabel,0,0,0,0,0,0,0,0,0,0,0,0,0,0,,,,
1416392310.41359,pg_catalog,pg_event_trigger,0,0,1282,0,0,0,0,0,0,0,0,0,354,928,,,,
1416392310.41359,information_schema,sql_features,0,0,,,0,0,0,0,0,0,0,0,,,0,0,0,0
1416392310.41359,information_schema,sql_languages,0,0,,,0,0,0,0,0,0,0,0,,,0,0,0,0
1416392310.41359,pg_catalog,pg_foreign_table,0,0,0,0,0,0,0,0,0,0,0,0,0,0,,,,
1416392310.41359,pg_catalog,pg_extension,0,0,0,0,0,0,0,0,0,0,0,0,0,0,,,,
1416392310.41359,pg_catalog,pg_ts_config,0,0,0,0,0,0,0,0,0,0,0,0,0,0,,,,
1416392310.41359,pg_catalog,pg_shdescription,0,0,0,0,0,0,0,0,0,0,0,0,0,0,0,0,0,0
1416392310.41359,pg_catalog,pg_cast,0,0,811070,192433,0,0,0,0,0,0,1087,191346,667,833661,,,,
1416392310.41359,pg_catalog,pg_amop,0,0,217108,316120,0,0,0,0,0,0,1602,314518,3544,459239,,,,
1416392310.41359,pg_catalog,pg_user_mapping,0,0,0,0,0,0,0,0,0,0,0,0,0,0,,,,
1416392310.41359,pg_toast,pg_toast_12315,0,0,0,0,0,0,0,0,0,0,0,0,0,0,,,,
1416392310.41359,pg_catalog,pg_type,0,0,574091,568423,1508,0,1508,0,360,21,3869,571347,5610,1179861,,,,
1416392310.41359,pg_catalog,pg_largeobject,0,0,0,0,0,0,0,0,0,0,0,0,0,0,,,,
1416392310.41359,information_schema,sql_parts,0,0,,,0,0,0,0,0,0,0,0,,,0,0,0,0
1416392310.41359,pg_catalog,pg_ts_config_map,0,0,0,0,0,0,0,0,0,0,0,0,0,0,,,,
1416392310.41359,pg_catalog,pg_largeobject_metadata,0,0,0,0,0,0,0,0,0,0,0,0,0,0,,,,
1416392310.41359,pg_catalog,pg_am,25256,25256,0,0,0,0,0,0,0,0,354,24902,0,0,,,,
1416392310.41359,public,nation,2,50,0,0,25,0,0,0,25,0,1,3,0,0,,,,
1416392310.41359,pg_catalog,pg_ts_template,0,0,0,0,0,0,0,0,0,0,0,0,0,0,,,,
1416392310.41359,pg_catalog,pg_foreign_server,0,0,0,0,0,0,0,0,0,0,0,0,0,0,,,,
1416392310.41359,pg_catalog,pg_namespace,1052,89400,135971,112000,2,0,0,0,2,0,568,113539,1635,160163,,,,
1416392310.41359,pg_toast,pg_toast_2619,0,0,100259,335932,4116,0,3957,0,182,16,33043,132235,1498,162702,,,,
1416392310.41359,pg_catalog,pg_authid,596,596,48282,48282,0,0,0,0,0,0,304,48574,1400,95164,,,,
1416392310.41359,pg_catalog,pg_default_acl,0,0,3044,0,0,0,0,0,0,0,0,0,319,2725,,,,
1416392310.41359,public,time_statistics,0,0,,,1,0,0,0,1,0,1,0,,,,,,
1416392310.41359,pg_catalog,pg_shdepend,0,0,4157,763,0,0,0,0,0,0,354,409,1357,4322,,,,
1416392310.41359,pg_catalog,pg_constraint,0,0,222,112,110,0,112,0,8,16,61,625,112,1110,0,0,0,0
1416392310.41359,information_schema,sql_implementation_info,0,0,,,0,0,0,0,0,0,0,0,,,0,0,0,0
1416392310.41359,pg_catalog,pg_index,3722,338971,269294,383128,588,0,599,0,132,43,3356,387833,1845,308059,,,,
1416392310.41359,pg_catalog,pg_ts_dict,0,0,0,0,0,0,0,0,0,0,0,0,0,0,,,,
1416392310.41359,pg_toast,pg_toast_2604,0,0,0,0,0,0,0,0,0,0,0,0,0,0,,,,
1416392310.41359,pg_toast,pg_toast_12325,0,0,0,0,0,0,0,0,0,0,0,0,0,0,,,,
1416392310.41359,information_schema,sql_sizing,0,0,,,0,0,0,0,0,0,0,0,,,0,0,0,0
1416392310.41359,pg_catalog,pg_proc,0,0,213932,316836,0,0,0,0,0,0,18583,212661,8954,464764,0,0,0,0
1416392370.41532,pg_catalog,pg_attrdef,0,0,0,0,0,0,0,0,0,0,0,0,0,0,0,0,0,0
1416392370.41532,pg_catalog,pg_db_role_setting,0,0,101372,0,0,0,0,0,0,0,0,0,304,101068,0,0,0,0
1416392370.41532,pg_catalog,pg_rowsecurity,0,0,0,0,0,0,0,0,0,0,0,0,0,0,,,,
1416392370.41532,pg_catalog,pg_description,0,0,3394,0,0,0,0,0,0,0,0,0,963,6586,0,0,0,0
1416392370.41532,pg_catalog,pg_foreign_data_wrapper,0,0,0,0,0,0,0,0,0,0,0,0,0,0,,,,
1416392370.41532,pg_catalog,pg_conversion,0,0,0,0,0,0,0,0,0,0,0,0,0,0,,,,
1416392370.41532,pg_catalog,pg_class,7608,1632285,600630,547880,1352,414,1360,403,329,83,7670,628522,5474,1256484,,,,
1416392370.41532,pg_catalog,pg_opfamily,0,0,0,0,0,0,0,0,0,0,0,0,0,0,,,,
1416392370.41532,pg_catalog,pg_auth_members,0,0,0,0,0,0,0,0,0,0,0,0,0,0,,,,
1416392370.41532,pg_catalog,pg_operator,0,0,185572,974615,0,0,0,0,0,0,5185,673954,4564,402344,,,,
1416392370.41532,pg_toast,pg_toast_12345,0,0,0,0,0,0,0,0,0,0,0,0,0,0,,,,
1416392370.41532,pg_catalog,pg_attribute,2079,14175,492916,1111779,4962,138,4976,138,2500,8,19623,546986,4584,1030250,,,,
1416392370.41532,pg_catalog,pg_tablespace,0,0,17240,17240,0,0,0,0,0,0,509,16731,1058,33502,,,,
1416392370.41532,pg_catalog,pg_statistic,0,0,136076,130878,1112,3079,1131,2920,448,100,13692,126459,1583,290842,33043,132303,1498,162806
1416392370.41532,pg_catalog,pg_aggregate,0,0,12911,12911,0,0,0,0,0,0,965,11946,2195,20312,,,,
1416392370.41532,pg_catalog,pg_inherits,0,0,761,0,0,0,0,0,0,0,0,0,335,426,,,,
1416392370.41532,pg_catalog,pg_enum,0,0,0,0,0,0,0,0,0,0,0,0,0,0,,,,
1416392370.41532,public,orders,4,60000000,0,0,15000000,0,0,0,15000000,0,504554,1558780,0,0,,,,
1416392370.41532,pg_toast,pg_toast_2396,0,0,0,0,0,0,0,0,0,0,0,0,0,0,,,,
1416392370.41532,pg_catalog,pg_pltemplate,0,0,0,0,0,0,0,0,0,0,0,0,0,0,,,,
1416392370.41532,pg_toast,pg_toast_2618,0,0,2515,8032,0,0,0,0,0,0,1489,1593,442,3614,,,,
1416392370.41532,pg_toast,pg_toast_3596,0,0,0,0,0,0,0,0,0,0,0,0,0,0,,,,
1416392370.41532,pg_toast,pg_toast_2606,0,0,0,0,0,0,0,0,0,0,0,0,0,0,,,,
1416392370.41532,pg_toast,pg_toast_2964,0,0,0,0,0,0,0,0,0,0,0,0,0,0,,,,
1416392370.41532,pg_toast,pg_toast_12330,0,0,0,0,0,0,0,0,0,0,0,0,0,0,,,,
1416392370.41532,pg_catalog,pg_database,1814,6926,82279,82279,0,0,0,0,0,0,217,83876,1361,131549,,,,
1416392370.41532,information_schema,sql_sizing_profiles,0,0,,,0,0,0,0,0,0,0,0,,,0,0,0,0
1416392370.41532,public,lineitem,0,0,,,0,0,0,0,0,0,0,0,,,,,,
1416392370.41532,pg_toast,pg_toast_2620,0,0,0,0,0,0,0,0,0,0,0,0,0,0,,,,
1416392370.41532,pg_catalog,pg_depend,0,0,31634,34018,5793,0,5814,0,6664,402,5760,40707,8124,82156,,,,
1416392370.41532,public,partsupp,3,24000000,0,0,8000000,0,0,0,8000000,0,340611,954509,0,0,,,,
1416392370.41532,pg_catalog,pg_language,0,0,0,0,0,0,0,0,0,0,0,0,0,0,,,,
1416392370.41532,pg_toast,pg_toast_12320,0,0,0,0,0,0,0,0,0,0,0,0,0,0,,,,
1416392370.41532,pg_catalog,pg_amproc,378,756,105885,166566,0,0,0,0,0,0,519,104133,945,235500,,,,
1416392370.41532,public,region,2,10,0,0,5,0,0,0,5,0,1,3,0,0,,,,
1416392370.41532,pg_catalog,pg_collation,0,0,0,0,0,0,0,0,0,0,0,0,0,0,,,,
1416392370.41532,pg_catalog,pg_range,0,0,5809,0,0,0,0,0,0,0,0,0,2334,9284,,,,
1416392370.41532,pg_toast,pg_toast_2609,0,0,0,0,0,0,0,0,0,0,0,0,0,0,,,,
1416392370.41532,pg_catalog,pg_opclass,378,378,145914,1644253,0,0,0,0,0,0,1137,652055,2335,178500,,,,
1416392370.41532,information_schema,sql_packages,0,0,,,0,0,0,0,0,0,0,0,,,0,0,0,0
1416392370.41532,public,supplier,4,400000,0,0,100000,0,0,0,100000,0,2312,15648,0,0,,,,
1416392370.41532,pg_catalog,pg_rewrite,0,0,5973,4731,414,0,414,0,111,14,3002,5243,1382,8806,1489,1593,884,7228
1416392370.41532,public,customer,6,9000000,0,0,1500000,0,0,0,1500000,0,68533,294857,0,0,,,,
1416392370.41532,pg_toast,pg_toast_1255,0,0,0,0,0,0,0,0,0,0,0,0,0,0,,,,
1416392370.41532,pg_catalog,pg_seclabel,0,0,3394,0,0,0,0,0,0,0,0,0,314,3080,0,0,0,0
1416392370.41532,pg_toast,pg_toast_12335,0,0,0,0,0,0,0,0,0,0,0,0,0,0,,,,
1416392370.41532,pg_catalog,pg_ts_parser,0,0,0,0,0,0,0,0,0,0,0,0,0,0,,,,
1416392370.41532,pg_catalog,pg_trigger,0,0,0,0,0,0,0,0,0,0,0,0,0,0,0,0,0,0
1416392370.41532,public,part,6,12000000,0,0,2000000,0,0,0,2000000,0,79007,327715,0,0,,,,
1416392370.41532,pg_toast,pg_toast_12340,0,0,0,0,0,0,0,0,0,0,0,0,0,0,,,,
1416392370.41532,pg_catalog,pg_shseclabel,0,0,0,0,0,0,0,0,0,0,0,0,0,0,,,,
1416392370.41532,pg_catalog,pg_event_trigger,0,0,1285,0,0,0,0,0,0,0,0,0,354,931,,,,
1416392370.41532,information_schema,sql_features,0,0,,,0,0,0,0,0,0,0,0,,,0,0,0,0
1416392370.41532,information_schema,sql_languages,0,0,,,0,0,0,0,0,0,0,0,,,0,0,0,0
1416392370.41532,pg_catalog,pg_foreign_table,0,0,0,0,0,0,0,0,0,0,0,0,0,0,,,,
1416392370.41532,pg_catalog,pg_extension,0,0,0,0,0,0,0,0,0,0,0,0,0,0,,,,
1416392370.41532,pg_catalog,pg_ts_config,0,0,0,0,0,0,0,0,0,0,0,0,0,0,,,,
1416392370.41532,pg_catalog,pg_shdescription,0,0,0,0,0,0,0,0,0,0,0,0,0,0,0,0,0,0
1416392370.41532,pg_catalog,pg_cast,0,0,811263,192493,0,0,0,0,0,0,1087,191406,667,833863,,,,
1416392370.41532,pg_catalog,pg_amop,0,0,217161,316182,0,0,0,0,0,0,1602,314580,3544,459355,,,,
1416392370.41532,pg_catalog,pg_user_mapping,0,0,0,0,0,0,0,0,0,0,0,0,0,0,,,,
1416392370.41532,pg_toast,pg_toast_12315,0,0,0,0,0,0,0,0,0,0,0,0,0,0,,,,
1416392370.41532,pg_catalog,pg_type,0,0,574194,568526,1508,0,1508,0,360,21,3869,571450,5610,1180076,,,,
1416392370.41532,pg_catalog,pg_largeobject,0,0,0,0,0,0,0,0,0,0,0,0,0,0,,,,
1416392370.41532,information_schema,sql_parts,0,0,,,0,0,0,0,0,0,0,0,,,0,0,0,0
1416392370.41532,pg_catalog,pg_ts_config_map,0,0,0,0,0,0,0,0,0,0,0,0,0,0,,,,
1416392370.41532,pg_catalog,pg_largeobject_metadata,0,0,0,0,0,0,0,0,0,0,0,0,0,0,,,,
1416392370.41532,pg_catalog,pg_am,25266,25266,0,0,0,0,0,0,0,0,354,24912,0,0,,,,
1416392370.41532,public,nation,2,50,0,0,25,0,0,0,25,0,1,3,0,0,,,,
1416392370.41532,pg_catalog,pg_ts_template,0,0,0,0,0,0,0,0,0,0,0,0,0,0,,,,
1416392370.41532,pg_catalog,pg_foreign_server,0,0,0,0,0,0,0,0,0,0,0,0,0,0,,,,
1416392370.41532,pg_catalog,pg_namespace,1054,89572,136128,112148,2,0,0,0,2,0,568,113691,1635,160332,,,,
1416392370.41532,pg_toast,pg_toast_2619,0,0,100272,335938,4153,0,3957,0,219,16,33043,132303,1498,162806,,,,
1416392370.41532,pg_catalog,pg_authid,597,597,48301,48301,0,0,0,0,0,0,304,48594,1400,95202,,,,
1416392370.41532,pg_catalog,pg_default_acl,0,0,3044,0,0,0,0,0,0,0,0,0,319,2725,,,,
1416392370.41532,public,time_statistics,0,0,,,1,0,0,0,1,0,1,0,,,,,,
1416392370.41532,pg_catalog,pg_shdepend,0,0,4157,763,0,0,0,0,0,0,354,409,1357,4322,,,,
1416392370.41532,pg_catalog,pg_constraint,0,0,223,112,111,0,112,0,9,16,61,629,112,1119,0,0,0,0
1416392370.41532,information_schema,sql_implementation_info,0,0,,,0,0,0,0,0,0,0,0,,,0,0,0,0
1416392370.41532,pg_catalog,pg_index,3734,339638,269431,383299,591,0,599,0,135,43,3356,388031,1845,308219,,,,
1416392370.41532,pg_catalog,pg_ts_dict,0,0,0,0,0,0,0,0,0,0,0,0,0,0,,,,
1416392370.41532,pg_toast,pg_toast_2604,0,0,0,0,0,0,0,0,0,0,0,0,0,0,,,,
1416392370.41532,pg_toast,pg_toast_12325,0,0,0,0,0,0,0,0,0,0,0,0,0,0,,,,
1416392370.41532,information_schema,sql_sizing,0,0,,,0,0,0,0,0,0,0,0,,,0,0,0,0
1416392370.41532,pg_catalog,pg_proc,0,0,214010,316949,0,0,0,0,0,0,18583,212759,8954,464930,0,0,0,0
1416392430.41973,pg_catalog,pg_attrdef,0,0,0,0,0,0,0,0,0,0,0,0,0,0,0,0,0,0
1416392430.41973,pg_catalog,pg_db_role_setting,0,0,101400,0,0,0,0,0,0,0,0,0,304,101096,0,0,0,0
1416392430.41973,pg_catalog,pg_rowsecurity,0,0,0,0,0,0,0,0,0,0,0,0,0,0,,,,
1416392430.41973,pg_catalog,pg_description,0,0,3394,0,0,0,0,0,0,0,0,0,963,6586,0,0,0,0
1416392430.41973,pg_catalog,pg_foreign_data_wrapper,0,0,0,0,0,0,0,0,0,0,0,0,0,0,,,,
1416392430.41973,pg_catalog,pg_conversion,0,0,0,0,0,0,0,0,0,0,0,0,0,0,,,,
1416392430.41973,pg_catalog,pg_class,7618,1635263,600960,548210,1352,414,1360,403,329,83,7670,628983,5474,1257158,,,,
1416392430.41973,pg_catalog,pg_opfamily,0,0,0,0,0,0,0,0,0,0,0,0,0,0,,,,
1416392430.41973,pg_catalog,pg_auth_members,0,0,0,0,0,0,0,0,0,0,0,0,0,0,,,,
1416392430.41973,pg_catalog,pg_operator,0,0,185589,974632,0,0,0,0,0,0,5185,673971,4564,402386,,,,
1416392430.41973,pg_toast,pg_toast_12345,0,0,0,0,0,0,0,0,0,0,0,0,0,0,,,,
1416392430.41973,pg_catalog,pg_attribute,2079,14175,493118,1112107,4962,138,4976,138,2500,8,19623,547193,4584,1030660,,,,
1416392430.41973,pg_catalog,pg_tablespace,0,0,17245,17245,0,0,0,0,0,0,509,16736,1058,33512,,,,
1416392430.41973,pg_catalog,pg_statistic,0,0,136101,130897,1112,3079,1131,2920,448,100,13692,126478,1583,290897,33043,132306,1498,162815
1416392430.41973,pg_catalog,pg_aggregate,0,0,12912,12912,0,0,0,0,0,0,965,11947,2195,20314,,,,
1416392430.41973,pg_catalog,pg_inherits,0,0,761,0,0,0,0,0,0,0,0,0,335,426,,,,
1416392430.41973,pg_catalog,pg_enum,0,0,0,0,0,0,0,0,0,0,0,0,0,0,,,,
1416392430.41973,public,orders,4,60000000,0,0,15000000,0,0,0,15000000,0,504554,1558780,0,0,,,,
1416392430.41973,pg_toast,pg_toast_2396,0,0,0,0,0,0,0,0,0,0,0,0,0,0,,,,
1416392430.41973,pg_catalog,pg_pltemplate,0,0,0,0,0,0,0,0,0,0,0,0,0,0,,,,
1416392430.41973,pg_toast,pg_toast_2618,0,0,2520,8048,0,0,0,0,0,0,1489,1599,442,3622,,,,
1416392430.41973,pg_toast,pg_toast_3596,0,0,0,0,0,0,0,0,0,0,0,0,0,0,,,,
1416392430.41973,pg_toast,pg_toast_2606,0,0,0,0,0,0,0,0,0,0,0,0,0,0,,,,
1416392430.41973,pg_toast,pg_toast_2964,0,0,0,0,0,0,0,0,0,0,0,0,0,0,,,,
1416392430.41973,pg_toast,pg_toast_12330,0,0,0,0,0,0,0,0,0,0,0,0,0,0,,,,
1416392430.41973,pg_catalog,pg_database,1817,6938,82308,82308,0,0,0,0,0,0,217,83908,1361,131592,,,,
1416392430.41973,information_schema,sql_sizing_profiles,0,0,,,0,0,0,0,0,0,0,0,,,0,0,0,0
1416392430.41973,public,lineitem,0,0,,,0,0,0,0,0,0,0,0,,,,,,
1416392430.41973,pg_toast,pg_toast_2620,0,0,0,0,0,0,0,0,0,0,0,0,0,0,,,,
1416392430.41973,pg_catalog,pg_depend,0,0,31634,34018,5793,0,5814,0,6664,402,5760,40707,8124,82156,,,,
1416392430.41973,public,partsupp,3,24000000,0,0,8000000,0,0,0,8000000,0,340611,954509,0,0,,,,
1416392430.41973,pg_catalog,pg_language,0,0,0,0,0,0,0,0,0,0,0,0,0,0,,,,
1416392430.41973,pg_toast,pg_toast_12320,0,0,0,0,0,0,0,0,0,0,0,0,0,0,,,,
1416392430.41973,pg_catalog,pg_amproc,378,756,105900,166589,0,0,0,0,0,0,519,104148,945,235534,,,,
1416392430.41973,public,region,2,10,0,0,5,0,0,0,5,0,1,3,0,0,,,,
1416392430.41973,pg_catalog,pg_collation,0,0,0,0,0,0,0,0,0,0,0,0,0,0,,,,
1416392430.41973,pg_catalog,pg_range,0,0,5809,0,0,0,0,0,0,0,0,0,2334,9284,,,,
1416392430.41973,pg_toast,pg_toast_2609,0,0,0,0,0,0,0,0,0,0,0,0,0,0,,,,
1416392430.41973,pg_catalog,pg_opclass,378,378,145930,1644436,0,0,0,0,0,0,1137,652123,2335,178523,,,,
1416392430.41973,information_schema,sql_packages,0,0,,,0,0,0,0,0,0,0,0,,,0,0,0,0
1416392430.41973,public,supplier,4,400000,0,0,100000,0,0,0,100000,0,2312,15648,0,0,,,,
1416392430.41973,pg_catalog,pg_rewrite,0,0,5980,4738,414,0,414,0,111,14,3002,5250,1382,8818,1489,1599,884,7244
1416392430.41973,public,customer,6,9000000,0,0,1500000,0,0,0,1500000,0,68533,294857,0,0,,,,
1416392430.41973,pg_toast,pg_toast_1255,0,0,0,0,0,0,0,0,0,0,0,0,0,0,,,,
1416392430.41973,pg_catalog,pg_seclabel,0,0,3394,0,0,0,0,0,0,0,0,0,314,3080,0,0,0,0
1416392430.41973,pg_toast,pg_toast_12335,0,0,0,0,0,0,0,0,0,0,0,0,0,0,,,,
1416392430.41973,pg_catalog,pg_ts_parser,0,0,0,0,0,0,0,0,0,0,0,0,0,0,,,,
1416392430.41973,pg_catalog,pg_trigger,0,0,0,0,0,0,0,0,0,0,0,0,0,0,0,0,0,0
1416392430.41973,public,part,6,12000000,0,0,2000000,0,0,0,2000000,0,79007,327715,0,0,,,,
1416392430.41973,pg_toast,pg_toast_12340,0,0,0,0,0,0,0,0,0,0,0,0,0,0,,,,
1416392430.41973,pg_catalog,pg_shseclabel,0,0,0,0,0,0,0,0,0,0,0,0,0,0,,,,
1416392430.41973,pg_catalog,pg_event_trigger,0,0,1285,0,0,0,0,0,0,0,0,0,354,931,,,,
1416392430.41973,information_schema,sql_features,0,0,,,0,0,0,0,0,0,0,0,,,0,0,0,0
1416392430.41973,information_schema,sql_languages,0,0,,,0,0,0,0,0,0,0,0,,,0,0,0,0
1416392430.41973,pg_catalog,pg_foreign_table,0,0,0,0,0,0,0,0,0,0,0,0,0,0,,,,
1416392430.41973,pg_catalog,pg_extension,0,0,0,0,0,0,0,0,0,0,0,0,0,0,,,,
1416392430.41973,pg_catalog,pg_ts_config,0,0,0,0,0,0,0,0,0,0,0,0,0,0,,,,
1416392430.41973,pg_catalog,pg_shdescription,0,0,0,0,0,0,0,0,0,0,0,0,0,0,0,0,0,0
1416392430.41973,pg_catalog,pg_cast,0,0,811332,192521,0,0,0,0,0,0,1087,191434,667,833937,,,,
1416392430.41973,pg_catalog,pg_amop,0,0,217194,316223,0,0,0,0,0,0,1602,314621,3544,459429,,,,
1416392430.41973,pg_catalog,pg_user_mapping,0,0,0,0,0,0,0,0,0,0,0,0,0,0,,,,
1416392430.41973,pg_toast,pg_toast_12315,0,0,0,0,0,0,0,0,0,0,0,0,0,0,,,,
1416392430.41973,pg_catalog,pg_type,0,0,574286,568618,1508,0,1508,0,360,21,3869,571542,5610,1180265,,,,
1416392430.41973,pg_catalog,pg_largeobject,0,0,0,0,0,0,0,0,0,0,0,0,0,0,,,,
1416392430.41973,information_schema,sql_parts,0,0,,,0,0,0,0,0,0,0,0,,,0,0,0,0
1416392430.41973,pg_catalog,pg_ts_config_map,0,0,0,0,0,0,0,0,0,0,0,0,0,0,,,,
1416392430.41973,pg_catalog,pg_largeobject_metadata,0,0,0,0,0,0,0,0,0,0,0,0,0,0,,,,
1416392430.41973,pg_catalog,pg_am,25270,25270,0,0,0,0,0,0,0,0,354,24916,0,0,,,,
1416392430.41973,public,nation,2,50,0,0,25,0,0,0,25,0,1,3,0,0,,,,
1416392430.41973,pg_catalog,pg_ts_template,0,0,0,0,0,0,0,0,0,0,0,0,0,0,,,,
1416392430.41973,pg_catalog,pg_foreign_server,0,0,0,0,0,0,0,0,0,0,0,0,0,0,,,,
1416392430.41973,pg_catalog,pg_namespace,1056,89744,136278,112293,2,0,0,0,2,0,568,113840,1635,160489,,,,
1416392430.41973,pg_toast,pg_toast_2619,0,0,100275,335944,4153,0,3957,0,219,16,33043,132306,1498,162815,,,,
1416392430.41973,pg_catalog,pg_authid,598,598,48311,48311,0,0,0,0,0,0,304,48605,1400,95222,,,,
1416392430.41973,pg_catalog,pg_default_acl,0,0,3044,0,0,0,0,0,0,0,0,0,319,2725,,,,
1416392430.41973,public,time_statistics,0,0,,,1,0,0,0,1,0,1,0,,,,,,
1416392430.41973,pg_catalog,pg_shdepend,0,0,4157,763,0,0,0,0,0,0,354,409,1357,4322,,,,
1416392430.41973,pg_catalog,pg_constraint,0,0,223,112,111,0,112,0,9,16,61,629,112,1119,0,0,0,0
1416392430.41973,information_schema,sql_implementation_info,0,0,,,0,0,0,0,0,0,0,0,,,0,0,0,0
1416392430.41973,pg_catalog,pg_index,3739,340313,269473,383354,591,0,599,0,135,43,3356,388108,1845,308270,,,,
1416392430.41973,pg_catalog,pg_ts_dict,0,0,0,0,0,0,0,0,0,0,0,0,0,0,,,,
1416392430.41973,pg_toast,pg_toast_2604,0,0,0,0,0,0,0,0,0,0,0,0,0,0,,,,
1416392430.41973,pg_toast,pg_toast_12325,0,0,0,0,0,0,0,0,0,0,0,0,0,0,,,,
1416392430.41973,information_schema,sql_sizing,0,0,,,0,0,0,0,0,0,0,0,,,0,0,0,0
1416392430.41973,pg_catalog,pg_proc,0,0,214088,317062,0,0,0,0,0,0,18583,212857,8954,465096,0,0,0,0
1416392490.42036,pg_catalog,pg_attrdef,0,0,0,0,0,0,0,0,0,0,0,0,0,0,0,0,0,0
1416392490.42036,pg_catalog,pg_db_role_setting,0,0,101428,0,0,0,0,0,0,0,0,0,304,101124,0,0,0,0
1416392490.42036,pg_catalog,pg_rowsecurity,0,0,0,0,0,0,0,0,0,0,0,0,0,0,,,,
1416392490.42036,pg_catalog,pg_description,0,0,3394,0,0,0,0,0,0,0,0,0,963,6586,0,0,0,0
1416392490.42036,pg_catalog,pg_foreign_data_wrapper,0,0,0,0,0,0,0,0,0,0,0,0,0,0,,,,
1416392490.42036,pg_catalog,pg_conversion,0,0,0,0,0,0,0,0,0,0,0,0,0,0,,,,
1416392490.42036,pg_catalog,pg_class,7628,1638241,601306,548556,1352,414,1360,403,329,83,7670,629460,5474,1257869,,,,
1416392490.42036,pg_catalog,pg_opfamily,0,0,0,0,0,0,0,0,0,0,0,0,0,0,,,,
1416392490.42036,pg_catalog,pg_auth_members,0,0,0,0,0,0,0,0,0,0,0,0,0,0,,,,
1416392490.42036,pg_catalog,pg_operator,0,0,185607,974650,0,0,0,0,0,0,5185,673989,4564,402431,,,,
1416392490.42036,pg_toast,pg_toast_12345,0,0,0,0,0,0,0,0,0,0,0,0,0,0,,,,
1416392490.42036,pg_catalog,pg_attribute,2079,14175,493346,1112493,4962,138,4976,138,2500,8,19623,547430,4584,1031128,,,,
1416392490.42036,pg_catalog,pg_tablespace,0,0,17250,17250,0,0,0,0,0,0,509,16741,1058,33522,,,,
1416392490.42036,pg_catalog,pg_statistic,0,0,136130,130918,1112,3079,1131,2920,448,100,13692,126499,1583,290961,33043,132309,1498,162824
1416392490.42036,pg_catalog,pg_aggregate,0,0,12913,12913,0,0,0,0,0,0,965,11948,2195,20316,,,,
1416392490.42036,pg_catalog,pg_inherits,0,0,761,0,0,0,0,0,0,0,0,0,335,426,,,,
1416392490.42036,pg_catalog,pg_enum,0,0,0,0,0,0,0,0,0,0,0,0,0,0,,,,
1416392490.42036,public,orders,4,60000000,0,0,15000000,0,0,0,15000000,0,504554,1558780,0,0,,,,
1416392490.42036,pg_toast,pg_toast_2396,0,0,0,0,0,0,0,0,0,0,0,0,0,0,,,,
1416392490.42036,pg_catalog,pg_pltemplate,0,0,0,0,0,0,0,0,0,0,0,0,0,0,,,,
1416392490.42036,pg_toast,pg_toast_2618,0,0,2526,8066,0,0,0,0,0,0,1489,1606,442,3632,,,,
1416392490.42036,pg_toast,pg_toast_3596,0,0,0,0,0,0,0,0,0,0,0,0,0,0,,,,
1416392490.42036,pg_toast,pg_toast_2606,0,0,0,0,0,0,0,0,0,0,0,0,0,0,,,,
1416392490.42036,pg_toast,pg_toast_2964,0,0,0,0,0,0,0,0,0,0,0,0,0,0,,,,
1416392490.42036,pg_toast,pg_toast_12330,0,0,0,0,0,0,0,0,0,0,0,0,0,0,,,,
1416392490.42036,pg_catalog,pg_database,1820,6950,82336,82336,0,0,0,0,0,0,217,83939,1361,131634,,,,
1416392490.42036,information_schema,sql_sizing_profiles,0,0,,,0,0,0,0,0,0,0,0,,,0,0,0,0
1416392490.42036,public,lineitem,0,0,,,0,0,0,0,0,0,0,0,,,,,,
1416392490.42036,pg_toast,pg_toast_2620,0,0,0,0,0,0,0,0,0,0,0,0,0,0,,,,
1416392490.42036,pg_catalog,pg_depend,0,0,31634,34018,5793,0,5814,0,6664,402,5760,40707,8124,82156,,,,
1416392490.42036,public,partsupp,3,24000000,0,0,8000000,0,0,0,8000000,0,340611,954509,0,0,,,,
1416392490.42036,pg_catalog,pg_language,0,0,0,0,0,0,0,0,0,0,0,0,0,0,,,,
1416392490.42036,pg_toast,pg_toast_12320,0,0,0,0,0,0,0,0,0,0,0,0,0,0,,,,
1416392490.42036,pg_catalog,pg_amproc,378,756,105921,166623,0,0,0,0,0,0,519,104169,945,235584,,,,
1416392490.42036,public,region,2,10,0,0,5,0,0,0,5,0,1,3,0,0,,,,
1416392490.42036,pg_catalog,pg_collation,0,0,0,0,0,0,0,0,0,0,0,0,0,0,,,,
1416392490.42036,pg_catalog,pg_range,0,0,5809,0,0,0,0,0,0,0,0,0,2334,9284,,,,
1416392490.42036,pg_toast,pg_toast_2609,0,0,0,0,0,0,0,0,0,0,0,0,0,0,,,,
1416392490.42036,pg_catalog,pg_opclass,378,378,145951,1644624,0,0,0,0,0,0,1137,652196,2335,178555,,,,
1416392490.42036,information_schema,sql_packages,0,0,,,0,0,0,0,0,0,0,0,,,0,0,0,0
1416392490.42036,public,supplier,4,400000,0,0,100000,0,0,0,100000,0,2312,15648,0,0,,,,
1416392490.42036,pg_catalog,pg_rewrite,0,0,5988,4746,414,0,414,0,111,14,3002,5258,1382,8832,1489,1606,884,7264
1416392490.42036,public,customer,6,9000000,0,0,1500000,0,0,0,1500000,0,68533,294857,0,0,,,,
1416392490.42036,pg_toast,pg_toast_1255,0,0,0,0,0,0,0,0,0,0,0,0,0,0,,,,
1416392490.42036,pg_catalog,pg_seclabel,0,0,3394,0,0,0,0,0,0,0,0,0,314,3080,0,0,0,0
1416392490.42036,pg_toast,pg_toast_12335,0,0,0,0,0,0,0,0,0,0,0,0,0,0,,,,
1416392490.42036,pg_catalog,pg_ts_parser,0,0,0,0,0,0,0,0,0,0,0,0,0,0,,,,
1416392490.42036,pg_catalog,pg_trigger,0,0,0,0,0,0,0,0,0,0,0,0,0,0,0,0,0,0
1416392490.42036,public,part,6,12000000,0,0,2000000,0,0,0,2000000,0,79007,327715,0,0,,,,
1416392490.42036,pg_toast,pg_toast_12340,0,0,0,0,0,0,0,0,0,0,0,0,0,0,,,,
1416392490.42036,pg_catalog,pg_shseclabel,0,0,0,0,0,0,0,0,0,0,0,0,0,0,,,,
1416392490.42036,pg_catalog,pg_event_trigger,0,0,1285,0,0,0,0,0,0,0,0,0,354,931,,,,
1416392490.42036,information_schema,sql_features,0,0,,,0,0,0,0,0,0,0,0,,,0,0,0,0
1416392490.42036,information_schema,sql_languages,0,0,,,0,0,0,0,0,0,0,0,,,0,0,0,0
1416392490.42036,pg_catalog,pg_foreign_table,0,0,0,0,0,0,0,0,0,0,0,0,0,0,,,,
1416392490.42036,pg_catalog,pg_extension,0,0,0,0,0,0,0,0,0,0,0,0,0,0,,,,
1416392490.42036,pg_catalog,pg_ts_config,0,0,0,0,0,0,0,0,0,0,0,0,0,0,,,,
1416392490.42036,pg_catalog,pg_shdescription,0,0,0,0,0,0,0,0,0,0,0,0,0,0,0,0,0,0
1416392490.42036,pg_catalog,pg_cast,0,0,811408,192554,0,0,0,0,0,0,1087,191467,667,834019,,,,
1416392490.42036,pg_catalog,pg_amop,0,0,217233,316272,0,0,0,0,0,0,1602,314670,3544,459517,,,,
1416392490.42036,pg_catalog,pg_user_mapping,0,0,0,0,0,0,0,0,0,0,0,0,0,0,,,,
1416392490.42036,pg_toast,pg_toast_12315,0,0,0,0,0,0,0,0,0,0,0,0,0,0,,,,
1416392490.42036,pg_catalog,pg_type,0,0,574394,568726,1508,0,1508,0,360,21,3869,571650,5610,1180487,,,,
1416392490.42036,pg_catalog,pg_largeobject,0,0,0,0,0,0,0,0,0,0,0,0,0,0,,,,
1416392490.42036,information_schema,sql_parts,0,0,,,0,0,0,0,0,0,0,0,,,0,0,0,0
1416392490.42036,pg_catalog,pg_ts_config_map,0,0,0,0,0,0,0,0,0,0,0,0,0,0,,,,
1416392490.42036,pg_catalog,pg_largeobject_metadata,0,0,0,0,0,0,0,0,0,0,0,0,0,0,,,,
1416392490.42036,pg_catalog,pg_am,25278,25278,0,0,0,0,0,0,0,0,354,24924,0,0,,,,
1416392490.42036,public,nation,2,50,0,0,25,0,0,0,25,0,1,3,0,0,,,,
1416392490.42036,pg_catalog,pg_ts_template,0,0,0,0,0,0,0,0,0,0,0,0,0,0,,,,
1416392490.42036,pg_catalog,pg_foreign_server,0,0,0,0,0,0,0,0,0,0,0,0,0,0,,,,
1416392490.42036,pg_catalog,pg_namespace,1058,89916,136431,112440,2,0,0,0,2,0,568,113991,1635,160650,,,,
1416392490.42036,pg_toast,pg_toast_2619,0,0,100278,335950,4153,0,3957,0,219,16,33043,132309,1498,162824,,,,
1416392490.42036,pg_catalog,pg_authid,599,599,48321,48321,0,0,0,0,0,0,304,48616,1400,95242,,,,
1416392490.42036,pg_catalog,pg_default_acl,0,0,3044,0,0,0,0,0,0,0,0,0,319,2725,,,,
1416392490.42036,public,time_statistics,0,0,,,1,0,0,0,1,0,1,0,,,,,,
1416392490.42036,pg_catalog,pg_shdepend,0,0,4157,763,0,0,0,0,0,0,354,409,1357,4322,,,,
1416392490.42036,pg_catalog,pg_constraint,0,0,223,112,111,0,112,0,9,16,61,629,112,1119,0,0,0,0
1416392490.42036,information_schema,sql_implementation_info,0,0,,,0,0,0,0,0,0,0,0,,,0,0,0,0
1416392490.42036,pg_catalog,pg_index,3744,340988,269524,383420,591,0,599,0,135,43,3356,388194,1845,308335,,,,
1416392490.42036,pg_catalog,pg_ts_dict,0,0,0,0,0,0,0,0,0,0,0,0,0,0,,,,
1416392490.42036,pg_toast,pg_toast_2604,0,0,0,0,0,0,0,0,0,0,0,0,0,0,,,,
1416392490.42036,pg_toast,pg_toast_12325,0,0,0,0,0,0,0,0,0,0,0,0,0,0,,,,
1416392490.42036,information_schema,sql_sizing,0,0,,,0,0,0,0,0,0,0,0,,,0,0,0,0
1416392490.42036,pg_catalog,pg_proc,0,0,214172,317188,0,0,0,0,0,0,18583,212965,8954,465276,0,0,0,0
1416392550.42481,pg_catalog,pg_attrdef,0,0,0,0,0,0,0,0,0,0,0,0,0,0,0,0,0,0
1416392550.42481,pg_catalog,pg_db_role_setting,0,0,101456,0,0,0,0,0,0,0,0,0,304,101152,0,0,0,0
1416392550.42481,pg_catalog,pg_rowsecurity,0,0,0,0,0,0,0,0,0,0,0,0,0,0,,,,
1416392550.42481,pg_catalog,pg_description,0,0,3394,0,0,0,0,0,0,0,0,0,963,6586,0,0,0,0
1416392550.42481,pg_catalog,pg_foreign_data_wrapper,0,0,0,0,0,0,0,0,0,0,0,0,0,0,,,,
1416392550.42481,pg_catalog,pg_conversion,0,0,0,0,0,0,0,0,0,0,0,0,0,0,,,,
1416392550.42481,pg_catalog,pg_class,7639,1641548,601649,548899,1352,414,1360,403,329,83,7670,629947,5474,1258573,,,,
1416392550.42481,pg_catalog,pg_opfamily,0,0,0,0,0,0,0,0,0,0,0,0,0,0,,,,
1416392550.42481,pg_catalog,pg_auth_members,0,0,0,0,0,0,0,0,0,0,0,0,0,0,,,,
1416392550.42481,pg_catalog,pg_operator,0,0,185626,974669,0,0,0,0,0,0,5185,674008,4564,402479,,,,
1416392550.42481,pg_toast,pg_toast_12345,0,0,0,0,0,0,0,0,0,0,0,0,0,0,,,,
1416392550.42481,pg_catalog,pg_attribute,2079,14175,493563,1112860,4962,138,4976,138,2500,8,19623,547654,4584,1031570,,,,
1416392550.42481,pg_catalog,pg_tablespace,0,0,17255,17255,0,0,0,0,0,0,509,16746,1058,33532,,,,
1416392550.42481,pg_catalog,pg_statistic,0,0,136158,130940,1112,3079,1131,2920,448,100,13692,126521,1583,291023,33043,132313,1498,162836
1416392550.42481,pg_catalog,pg_aggregate,0,0,12914,12914,0,0,0,0,0,0,965,11949,2195,20318,,,,
1416392550.42481,pg_catalog,pg_inherits,0,0,761,0,0,0,0,0,0,0,0,0,335,426,,,,
1416392550.42481,pg_catalog,pg_enum,0,0,0,0,0,0,0,0,0,0,0,0,0,0,,,,
1416392550.42481,public,orders,4,60000000,0,0,15000000,0,0,0,15000000,0,504554,1558780,0,0,,,,
1416392550.42481,pg_toast,pg_toast_2396,0,0,0,0,0,0,0,0,0,0,0,0,0,0,,,,
1416392550.42481,pg_catalog,pg_pltemplate,0,0,0,0,0,0,0,0,0,0,0,0,0,0,,,,
1416392550.42481,pg_toast,pg_toast_2618,0,0,2531,8082,0,0,0,0,0,0,1489,1612,442,3640,,,,
1416392550.42481,pg_toast,pg_toast_3596,0,0,0,0,0,0,0,0,0,0,0,0,0,0,,,,
1416392550.42481,pg_toast,pg_toast_2606,0,0,0,0,0,0,0,0,0,0,0,0,0,0,,,,
1416392550.42481,pg_toast,pg_toast_2964,0,0,0,0,0,0,0,0,0,0,0,0,0,0,,,,
1416392550.42481,pg_toast,pg_toast_12330,0,0,0,0,0,0,0,0,0,0,0,0,0,0,,,,
1416392550.42481,pg_catalog,pg_database,1823,6962,82363,82363,0,0,0,0,0,0,217,83969,1361,131675,,,,
1416392550.42481,information_schema,sql_sizing_profiles,0,0,,,0,0,0,0,0,0,0,0,,,0,0,0,0
1416392550.42481,public,lineitem,0,0,,,0,0,0,0,0,0,0,0,,,,,,
1416392550.42481,pg_toast,pg_toast_2620,0,0,0,0,0,0,0,0,0,0,0,0,0,0,,,,
1416392550.42481,pg_catalog,pg_depend,0,0,31634,34018,5793,0,5814,0,6664,402,5760,40707,8124,82156,,,,
1416392550.42481,public,partsupp,3,24000000,0,0,8000000,0,0,0,8000000,0,340611,954509,0,0,,,,
1416392550.42481,pg_catalog,pg_language,0,0,0,0,0,0,0,0,0,0,0,0,0,0,,,,
1416392550.42481,pg_toast,pg_toast_12320,0,0,0,0,0,0,0,0,0,0,0,0,0,0,,,,
1416392550.42481,pg_catalog,pg_amproc,378,756,105942,166655,0,0,0,0,0,0,519,104190,945,235632,,,,
1416392550.42481,public,region,2,10,0,0,5,0,0,0,5,0,1,3,0,0,,,,
1416392550.42481,pg_catalog,pg_collation,0,0,0,0,0,0,0,0,0,0,0,0,0,0,,,,
1416392550.42481,pg_catalog,pg_range,0,0,5809,0,0,0,0,0,0,0,0,0,2334,9284,,,,
1416392550.42481,pg_toast,pg_toast_2609,0,0,0,0,0,0,0,0,0,0,0,0,0,0,,,,
1416392550.42481,pg_catalog,pg_opclass,378,378,145974,1644895,0,0,0,0,0,0,1137,652299,2335,178588,,,,
1416392550.42481,information_schema,sql_packages,0,0,,,0,0,0,0,0,0,0,0,,,0,0,0,0
1416392550.42481,public,supplier,4,400000,0,0,100000,0,0,0,100000,0,2312,15648,0,0,,,,
1416392550.42481,pg_catalog,pg_rewrite,0,0,5996,4754,414,0,414,0,111,14,3002,5266,1382,8846,1489,1612,884,7280
1416392550.42481,public,customer,6,9000000,0,0,1500000,0,0,0,1500000,0,68533,294857,0,0,,,,
1416392550.42481,pg_toast,pg_toast_1255,0,0,0,0,0,0,0,0,0,0,0,0,0,0,,,,
1416392550.42481,pg_catalog,pg_seclabel,0,0,3394,0,0,0,0,0,0,0,0,0,314,3080,0,0,0,0
1416392550.42481,pg_toast,pg_toast_12335,0,0,0,0,0,0,0,0,0,0,0,0,0,0,,,,
1416392550.42481,pg_catalog,pg_ts_parser,0,0,0,0,0,0,0,0,0,0,0,0,0,0,,,,
1416392550.42481,pg_catalog,pg_trigger,0,0,0,0,0,0,0,0,0,0,0,0,0,0,0,0,0,0
1416392550.42481,public,part,6,12000000,0,0,2000000,0,0,0,2000000,0,79007,327715,0,0,,,,
1416392550.42481,pg_toast,pg_toast_12340,0,0,0,0,0,0,0,0,0,0,0,0,0,0,,,,
1416392550.42481,pg_catalog,pg_shseclabel,0,0,0,0,0,0,0,0,0,0,0,0,0,0,,,,
1416392550.42481,pg_catalog,pg_event_trigger,0,0,1285,0,0,0,0,0,0,0,0,0,354,931,,,,
1416392550.42481,information_schema,sql_features,0,0,,,0,0,0,0,0,0,0,0,,,0,0,0,0
1416392550.42481,information_schema,sql_languages,0,0,,,0,0,0,0,0,0,0,0,,,0,0,0,0
1416392550.42481,pg_catalog,pg_foreign_table,0,0,0,0,0,0,0,0,0,0,0,0,0,0,,,,
1416392550.42481,pg_catalog,pg_extension,0,0,0,0,0,0,0,0,0,0,0,0,0,0,,,,
1416392550.42481,pg_catalog,pg_ts_config,0,0,0,0,0,0,0,0,0,0,0,0,0,0,,,,
1416392550.42481,pg_catalog,pg_shdescription,0,0,0,0,0,0,0,0,0,0,0,0,0,0,0,0,0,0
1416392550.42481,pg_catalog,pg_cast,0,0,811506,192588,0,0,0,0,0,0,1087,191501,667,834123,,,,
1416392550.42481,pg_catalog,pg_amop,0,0,217276,316325,0,0,0,0,0,0,1602,314723,3544,459613,,,,
1416392550.42481,pg_catalog,pg_user_mapping,0,0,0,0,0,0,0,0,0,0,0,0,0,0,,,,
1416392550.42481,pg_toast,pg_toast_12315,0,0,0,0,0,0,0,0,0,0,0,0,0,0,,,,
1416392550.42481,pg_catalog,pg_type,0,0,574506,568838,1508,0,1508,0,360,21,3869,571762,5610,1180717,,,,
1416392550.42481,pg_catalog,pg_largeobject,0,0,0,0,0,0,0,0,0,0,0,0,0,0,,,,
1416392550.42481,information_schema,sql_parts,0,0,,,0,0,0,0,0,0,0,0,,,0,0,0,0
1416392550.42481,pg_catalog,pg_ts_config_map,0,0,0,0,0,0,0,0,0,0,0,0,0,0,,,,
1416392550.42481,pg_catalog,pg_largeobject_metadata,0,0,0,0,0,0,0,0,0,0,0,0,0,0,,,,
1416392550.42481,pg_catalog,pg_am,25284,25284,0,0,0,0,0,0,0,0,354,24930,0,0,,,,
1416392550.42481,public,nation,2,50,0,0,25,0,0,0,25,0,1,3,0,0,,,,
1416392550.42481,pg_catalog,pg_ts_template,0,0,0,0,0,0,0,0,0,0,0,0,0,0,,,,
1416392550.42481,pg_catalog,pg_foreign_server,0,0,0,0,0,0,0,0,0,0,0,0,0,0,,,,
1416392550.42481,pg_catalog,pg_namespace,1060,90088,136584,112587,2,0,0,0,2,0,568,114142,1635,160811,,,,
1416392550.42481,pg_toast,pg_toast_2619,0,0,100282,335958,4153,0,3957,0,219,16,33043,132313,1498,162836,,,,
1416392550.42481,pg_catalog,pg_authid,600,600,48331,48331,0,0,0,0,0,0,304,48627,1400,95262,,,,
1416392550.42481,pg_catalog,pg_default_acl,0,0,3044,0,0,0,0,0,0,0,0,0,319,2725,,,,
1416392550.42481,public,time_statistics,0,0,,,1,0,0,0,1,0,1,0,,,,,,
1416392550.42481,pg_catalog,pg_shdepend,0,0,4157,763,0,0,0,0,0,0,354,409,1357,4322,,,,
1416392550.42481,pg_catalog,pg_constraint,0,0,223,112,111,0,112,0,9,16,61,629,112,1119,0,0,0,0
1416392550.42481,information_schema,sql_implementation_info,0,0,,,0,0,0,0,0,0,0,0,,,0,0,0,0
1416392550.42481,pg_catalog,pg_index,3749,341663,269573,383484,591,0,599,0,135,43,3356,388278,1845,308396,,,,
1416392550.42481,pg_catalog,pg_ts_dict,0,0,0,0,0,0,0,0,0,0,0,0,0,0,,,,
1416392550.42481,pg_toast,pg_toast_2604,0,0,0,0,0,0,0,0,0,0,0,0,0,0,,,,
1416392550.42481,pg_toast,pg_toast_12325,0,0,0,0,0,0,0,0,0,0,0,0,0,0,,,,
1416392550.42481,information_schema,sql_sizing,0,0,,,0,0,0,0,0,0,0,0,,,0,0,0,0
1416392550.42481,pg_catalog,pg_proc,0,0,214256,317314,0,0,0,0,0,0,18583,213073,8954,465456,0,0,0,0
1416392610.42692,pg_catalog,pg_attrdef,0,0,0,0,0,0,0,0,0,0,0,0,0,0,0,0,0,0
1416392610.42692,pg_catalog,pg_db_role_setting,0,0,101516,0,0,0,0,0,0,0,0,0,304,101212,0,0,0,0
1416392610.42692,pg_catalog,pg_rowsecurity,0,0,0,0,0,0,0,0,0,0,0,0,0,0,,,,
1416392610.42692,pg_catalog,pg_description,0,0,3394,0,0,0,0,0,0,0,0,0,963,6586,0,0,0,0
1416392610.42692,pg_catalog,pg_foreign_data_wrapper,0,0,0,0,0,0,0,0,0,0,0,0,0,0,,,,
1416392610.42692,pg_catalog,pg_conversion,0,0,0,0,0,0,0,0,0,0,0,0,0,0,,,,
1416392610.42692,pg_catalog,pg_class,7648,1644197,601987,549236,1352,414,1360,403,329,83,7670,630402,5474,1259271,,,,
1416392610.42692,pg_catalog,pg_opfamily,0,0,0,0,0,0,0,0,0,0,0,0,0,0,,,,
1416392610.42692,pg_catalog,pg_auth_members,0,0,0,0,0,0,0,0,0,0,0,0,0,0,,,,
1416392610.42692,pg_catalog,pg_operator,0,0,185640,974683,0,0,0,0,0,0,5185,674022,4564,402512,,,,
1416392610.42692,pg_toast,pg_toast_12345,0,0,0,0,0,0,0,0,0,0,0,0,0,0,,,,
1416392610.42692,pg_catalog,pg_attribute,2079,14175,493757,1113187,4962,138,4976,138,2500,8,19623,547863,4584,1031972,,,,
1416392610.42692,pg_catalog,pg_tablespace,0,0,17260,17260,0,0,0,0,0,0,509,16751,1058,33542,,,,
1416392610.42692,pg_catalog,pg_statistic,0,0,136176,130954,1112,3079,1131,2920,448,100,13692,126535,1583,291062,33043,132315,1498,162842
1416392610.42692,pg_catalog,pg_aggregate,0,0,12915,12915,0,0,0,0,0,0,965,11950,2195,20320,,,,
1416392610.42692,pg_catalog,pg_inherits,0,0,761,0,0,0,0,0,0,0,0,0,335,426,,,,
1416392610.42692,pg_catalog,pg_enum,0,0,0,0,0,0,0,0,0,0,0,0,0,0,,,,
1416392610.42692,public,orders,4,60000000,0,0,15000000,0,0,0,15000000,0,504554,1558780,0,0,,,,
1416392610.42692,pg_toast,pg_toast_2396,0,0,0,0,0,0,0,0,0,0,0,0,0,0,,,,
1416392610.42692,pg_catalog,pg_pltemplate,0,0,0,0,0,0,0,0,0,0,0,0,0,0,,,,
1416392610.42692,pg_toast,pg_toast_2618,0,0,2535,8096,0,0,0,0,0,0,1489,1617,442,3646,,,,
1416392610.42692,pg_toast,pg_toast_3596,0,0,0,0,0,0,0,0,0,0,0,0,0,0,,,,
1416392610.42692,pg_toast,pg_toast_2606,0,0,0,0,0,0,0,0,0,0,0,0,0,0,,,,
1416392610.42692,pg_toast,pg_toast_2964,0,0,0,0,0,0,0,0,0,0,0,0,0,0,,,,
1416392610.42692,pg_toast,pg_toast_12330,0,0,0,0,0,0,0,0,0,0,0,0,0,0,,,,
1416392610.42692,pg_catalog,pg_database,1826,6974,82414,82414,0,0,0,0,0,0,217,84023,1361,131756,,,,
1416392610.42692,information_schema,sql_sizing_profiles,0,0,,,0,0,0,0,0,0,0,0,,,0,0,0,0
1416392610.42692,public,lineitem,0,0,,,59986052,0,0,0,59986052,0,1065680,2307885,,,,,,
1416392610.42692,pg_toast,pg_toast_2620,0,0,0,0,0,0,0,0,0,0,0,0,0,0,,,,
1416392610.42692,pg_catalog,pg_depend,0,0,31634,34018,5793,0,5814,0,6664,402,5760,40707,8124,82156,,,,
1416392610.42692,public,partsupp,3,24000000,0,0,8000000,0,0,0,8000000,0,340611,954509,0,0,,,,
1416392610.42692,pg_catalog,pg_language,0,0,0,0,0,0,0,0,0,0,0,0,0,0,,,,
1416392610.42692,pg_toast,pg_toast_12320,0,0,0,0,0,0,0,0,0,0,0,0,0,0,,,,
1416392610.42692,pg_catalog,pg_amproc,378,756,105961,166690,0,0,0,0,0,0,519,104209,945,235684,,,,
1416392610.42692,public,region,2,10,0,0,5,0,0,0,5,0,1,3,0,0,,,,
1416392610.42692,pg_catalog,pg_collation,0,0,0,0,0,0,0,0,0,0,0,0,0,0,,,,
1416392610.42692,pg_catalog,pg_range,0,0,5809,0,0,0,0,0,0,0,0,0,2334,9284,,,,
1416392610.42692,pg_toast,pg_toast_2609,0,0,0,0,0,0,0,0,0,0,0,0,0,0,,,,
1416392610.42692,pg_catalog,pg_opclass,378,378,145994,1645001,0,0,0,0,0,0,1137,652343,2335,178624,,,,
1416392610.42692,information_schema,sql_packages,0,0,,,0,0,0,0,0,0,0,0,,,0,0,0,0
1416392610.42692,public,supplier,4,400000,0,0,100000,0,0,0,100000,0,2312,15648,0,0,,,,
1416392610.42692,pg_catalog,pg_rewrite,0,0,6001,4759,414,0,414,0,111,14,3002,5271,1382,8854,1489,1617,884,7292
1416392610.42692,public,customer,6,9000000,0,0,1500000,0,0,0,1500000,0,68533,294857,0,0,,,,
1416392610.42692,pg_toast,pg_toast_1255,0,0,0,0,0,0,0,0,0,0,0,0,0,0,,,,
1416392610.42692,pg_catalog,pg_seclabel,0,0,3394,0,0,0,0,0,0,0,0,0,314,3080,0,0,0,0
1416392610.42692,pg_toast,pg_toast_12335,0,0,0,0,0,0,0,0,0,0,0,0,0,0,,,,
1416392610.42692,pg_catalog,pg_ts_parser,0,0,0,0,0,0,0,0,0,0,0,0,0,0,,,,
1416392610.42692,pg_catalog,pg_trigger,0,0,0,0,0,0,0,0,0,0,0,0,0,0,0,0,0,0
1416392610.42692,public,part,6,12000000,0,0,2000000,0,0,0,2000000,0,79007,327715,0,0,,,,
1416392610.42692,pg_toast,pg_toast_12340,0,0,0,0,0,0,0,0,0,0,0,0,0,0,,,,
1416392610.42692,pg_catalog,pg_shseclabel,0,0,0,0,0,0,0,0,0,0,0,0,0,0,,,,
1416392610.42692,pg_catalog,pg_event_trigger,0,0,1285,0,0,0,0,0,0,0,0,0,354,931,,,,
1416392610.42692,information_schema,sql_features,0,0,,,0,0,0,0,0,0,0,0,,,0,0,0,0
1416392610.42692,information_schema,sql_languages,0,0,,,0,0,0,0,0,0,0,0,,,0,0,0,0
1416392610.42692,pg_catalog,pg_foreign_table,0,0,0,0,0,0,0,0,0,0,0,0,0,0,,,,
1416392610.42692,pg_catalog,pg_extension,0,0,0,0,0,0,0,0,0,0,0,0,0,0,,,,
1416392610.42692,pg_catalog,pg_ts_config,0,0,0,0,0,0,0,0,0,0,0,0,0,0,,,,
1416392610.42692,pg_catalog,pg_shdescription,0,0,0,0,0,0,0,0,0,0,0,0,0,0,0,0,0,0
1416392610.42692,pg_catalog,pg_cast,0,0,811539,192605,0,0,0,0,0,0,1087,191518,667,834159,,,,
1416392610.42692,pg_catalog,pg_amop,0,0,217293,316346,0,0,0,0,0,0,1602,314744,3544,459651,,,,
1416392610.42692,pg_catalog,pg_user_mapping,0,0,0,0,0,0,0,0,0,0,0,0,0,0,,,,
1416392610.42692,pg_toast,pg_toast_12315,0,0,0,0,0,0,0,0,0,0,0,0,0,0,,,,
1416392610.42692,pg_catalog,pg_type,0,0,574567,568899,1508,0,1508,0,360,21,3869,571823,5610,1180843,,,,
1416392610.42692,pg_catalog,pg_largeobject,0,0,0,0,0,0,0,0,0,0,0,0,0,0,,,,
1416392610.42692,information_schema,sql_parts,0,0,,,0,0,0,0,0,0,0,0,,,0,0,0,0
1416392610.42692,pg_catalog,pg_ts_config_map,0,0,0,0,0,0,0,0,0,0,0,0,0,0,,,,
1416392610.42692,pg_catalog,pg_largeobject_metadata,0,0,0,0,0,0,0,0,0,0,0,0,0,0,,,,
1416392610.42692,pg_catalog,pg_am,25298,25298,0,0,0,0,0,0,0,0,354,24944,0,0,,,,
1416392610.42692,public,nation,2,50,0,0,25,0,0,0,25,0,1,3,0,0,,,,
1416392610.42692,pg_catalog,pg_ts_template,0,0,0,0,0,0,0,0,0,0,0,0,0,0,,,,
1416392610.42692,pg_catalog,pg_foreign_server,0,0,0,0,0,0,0,0,0,0,0,0,0,0,,,,
1416392610.42692,pg_catalog,pg_namespace,1062,90260,136731,112730,2,0,0,0,2,0,568,114289,1635,160965,,,,
1416392610.42692,pg_toast,pg_toast_2619,0,0,100284,335962,4153,0,3957,0,219,16,33043,132315,1498,162842,,,,
1416392610.42692,pg_catalog,pg_authid,601,601,48357,48357,0,0,0,0,0,0,304,48654,1400,95314,,,,
1416392610.42692,pg_catalog,pg_default_acl,0,0,3044,0,0,0,0,0,0,0,0,0,319,2725,,,,
1416392610.42692,public,time_statistics,0,0,,,1,0,0,0,1,0,1,0,,,,,,
1416392610.42692,pg_catalog,pg_shdepend,0,0,4157,763,0,0,0,0,0,0,354,409,1357,4322,,,,
1416392610.42692,pg_catalog,pg_constraint,0,0,223,112,111,0,112,0,9,16,61,629,112,1119,0,0,0,0
1416392610.42692,information_schema,sql_implementation_info,0,0,,,0,0,0,0,0,0,0,0,,,0,0,0,0
1416392610.42692,pg_catalog,pg_index,3754,342338,269615,383535,591,0,599,0,135,43,3356,388355,1845,308455,,,,
1416392610.42692,pg_catalog,pg_ts_dict,0,0,0,0,0,0,0,0,0,0,0,0,0,0,,,,
1416392610.42692,pg_toast,pg_toast_2604,0,0,0,0,0,0,0,0,0,0,0,0,0,0,,,,
1416392610.42692,pg_toast,pg_toast_12325,0,0,0,0,0,0,0,0,0,0,0,0,0,0,,,,
1416392610.42692,information_schema,sql_sizing,0,0,,,0,0,0,0,0,0,0,0,,,0,0,0,0
1416392610.42692,pg_catalog,pg_proc,0,0,214322,317401,0,0,0,0,0,0,18583,213151,8954,465594,0,0,0,0
1416392670.43112,pg_catalog,pg_attrdef,0,0,0,0,0,0,0,0,0,0,0,0,0,0,0,0,0,0
1416392670.43112,pg_catalog,pg_db_role_setting,0,0,101544,0,0,0,0,0,0,0,0,0,304,101240,0,0,0,0
1416392670.43112,pg_catalog,pg_rowsecurity,0,0,0,0,0,0,0,0,0,0,0,0,0,0,,,,
1416392670.43112,pg_catalog,pg_description,0,0,3394,0,0,0,0,0,0,0,0,0,963,6586,0,0,0,0
1416392670.43112,pg_catalog,pg_foreign_data_wrapper,0,0,0,0,0,0,0,0,0,0,0,0,0,0,,,,
1416392670.43112,pg_catalog,pg_conversion,0,0,0,0,0,0,0,0,0,0,0,0,0,0,,,,
1416392670.43112,pg_catalog,pg_class,7658,1647181,602348,549591,1354,414,1360,403,331,83,7670,630901,5474,1260022,,,,
1416392670.43112,pg_catalog,pg_opfamily,0,0,0,0,0,0,0,0,0,0,0,0,0,0,,,,
1416392670.43112,pg_catalog,pg_auth_members,0,0,0,0,0,0,0,0,0,0,0,0,0,0,,,,
1416392670.43112,pg_catalog,pg_operator,0,0,185661,974704,0,0,0,0,0,0,5185,674043,4564,402566,,,,
1416392670.43112,pg_toast,pg_toast_12345,0,0,0,0,0,0,0,0,0,0,0,0,0,0,,,,
1416392670.43112,pg_catalog,pg_attribute,2079,14175,493980,1113630,4964,138,4976,138,2502,8,19623,548100,4584,1032433,,,,
1416392670.43112,pg_catalog,pg_tablespace,0,0,17265,17265,0,0,0,0,0,0,509,16756,1058,33552,,,,
1416392670.43112,pg_catalog,pg_statistic,0,0,136201,130973,1112,3079,1131,2920,448,85,13692,126554,1583,291117,33043,132318,1498,162851
1416392670.43112,pg_catalog,pg_aggregate,0,0,12916,12916,0,0,0,0,0,0,965,11951,2195,20322,,,,
1416392670.43112,pg_catalog,pg_inherits,0,0,761,0,0,0,0,0,0,0,0,0,335,426,,,,
1416392670.43112,pg_catalog,pg_enum,0,0,0,0,0,0,0,0,0,0,0,0,0,0,,,,
1416392670.43112,public,orders,4,60000000,0,0,15000000,0,0,0,15000000,0,504554,1558780,0,0,,,,
1416392670.43112,pg_toast,pg_toast_2396,0,0,0,0,0,0,0,0,0,0,0,0,0,0,,,,
1416392670.43112,pg_catalog,pg_pltemplate,0,0,0,0,0,0,0,0,0,0,0,0,0,0,,,,
1416392670.43112,pg_toast,pg_toast_2618,0,0,2540,8112,0,0,0,0,0,0,1489,1623,442,3654,,,,
1416392670.43112,pg_toast,pg_toast_3596,0,0,0,0,0,0,0,0,0,0,0,0,0,0,,,,
1416392670.43112,pg_toast,pg_toast_2606,0,0,0,0,0,0,0,0,0,0,0,0,0,0,,,,
1416392670.43112,pg_toast,pg_toast_2964,0,0,0,0,0,0,0,0,0,0,0,0,0,0,,,,
1416392670.43112,pg_toast,pg_toast_12330,0,0,0,0,0,0,0,0,0,0,0,0,0,0,,,,
1416392670.43112,pg_catalog,pg_database,1829,6986,82450,82450,0,0,0,0,0,0,217,84062,1361,131806,,,,
1416392670.43112,information_schema,sql_sizing_profiles,0,0,,,0,0,0,0,0,0,0,0,,,0,0,0,0
1416392670.43112,public,lineitem,2,119972104,0,0,59986052,0,0,0,59986052,0,1951648,3552751,0,0,,,,
1416392670.43112,pg_toast,pg_toast_2620,0,0,0,0,0,0,0,0,0,0,0,0,0,0,,,,
1416392670.43112,pg_catalog,pg_depend,0,0,31645,34029,5799,0,5814,0,6670,402,5760,40730,8125,82205,,,,
1416392670.43112,public,partsupp,3,24000000,0,0,8000000,0,0,0,8000000,0,340611,954509,0,0,,,,
1416392670.43112,pg_catalog,pg_language,0,0,0,0,0,0,0,0,0,0,0,0,0,0,,,,
1416392670.43112,pg_toast,pg_toast_12320,0,0,0,0,0,0,0,0,0,0,0,0,0,0,,,,
1416392670.43112,pg_catalog,pg_amproc,378,756,105977,166715,0,0,0,0,0,0,519,104225,945,235719,,,,
1416392670.43112,public,region,2,10,0,0,5,0,0,0,5,0,1,3,0,0,,,,
1416392670.43112,pg_catalog,pg_collation,0,0,0,0,0,0,0,0,0,0,0,0,0,0,,,,
1416392670.43112,pg_catalog,pg_range,0,0,5809,0,0,0,0,0,0,0,0,0,2334,9284,,,,
1416392670.43112,pg_toast,pg_toast_2609,0,0,0,0,0,0,0,0,0,0,0,0,0,0,,,,
1416392670.43112,pg_catalog,pg_opclass,378,378,146015,1645275,0,0,0,0,0,0,1137,652440,2335,178653,,,,
1416392670.43112,information_schema,sql_packages,0,0,,,0,0,0,0,0,0,0,0,,,0,0,0,0
1416392670.43112,public,supplier,4,400000,0,0,100000,0,0,0,100000,0,2312,15648,0,0,,,,
1416392670.43112,pg_catalog,pg_rewrite,0,0,6008,4766,414,0,414,0,111,14,3002,5278,1382,8866,1489,1623,884,7308
1416392670.43112,public,customer,6,9000000,0,0,1500000,0,0,0,1500000,0,68533,294857,0,0,,,,
1416392670.43112,pg_toast,pg_toast_1255,0,0,0,0,0,0,0,0,0,0,0,0,0,0,,,,
1416392670.43112,pg_catalog,pg_seclabel,0,0,3394,0,0,0,0,0,0,0,0,0,314,3080,0,0,0,0
1416392670.43112,pg_toast,pg_toast_12335,0,0,0,0,0,0,0,0,0,0,0,0,0,0,,,,
1416392670.43112,pg_catalog,pg_ts_parser,0,0,0,0,0,0,0,0,0,0,0,0,0,0,,,,
1416392670.43112,pg_catalog,pg_trigger,0,0,0,0,0,0,0,0,0,0,0,0,0,0,0,0,0,0
1416392670.43112,public,part,6,12000000,0,0,2000000,0,0,0,2000000,0,79007,327715,0,0,,,,
1416392670.43112,pg_toast,pg_toast_12340,0,0,0,0,0,0,0,0,0,0,0,0,0,0,,,,
1416392670.43112,pg_catalog,pg_shseclabel,0,0,0,0,0,0,0,0,0,0,0,0,0,0,,,,
1416392670.43112,pg_catalog,pg_event_trigger,0,0,1287,0,0,0,0,0,0,0,0,0,354,933,,,,
1416392670.43112,information_schema,sql_features,0,0,,,0,0,0,0,0,0,0,0,,,0,0,0,0
1416392670.43112,information_schema,sql_languages,0,0,,,0,0,0,0,0,0,0,0,,,0,0,0,0
1416392670.43112,pg_catalog,pg_foreign_table,0,0,0,0,0,0,0,0,0,0,0,0,0,0,,,,
1416392670.43112,pg_catalog,pg_extension,0,0,0,0,0,0,0,0,0,0,0,0,0,0,,,,
1416392670.43112,pg_catalog,pg_ts_config,0,0,0,0,0,0,0,0,0,0,0,0,0,0,,,,
1416392670.43112,pg_catalog,pg_shdescription,0,0,0,0,0,0,0,0,0,0,0,0,0,0,0,0,0,0
1416392670.43112,pg_catalog,pg_cast,0,0,811634,192647,0,0,0,0,0,0,1087,191560,667,834261,,,,
1416392670.43112,pg_catalog,pg_amop,0,0,217326,316387,0,0,0,0,0,0,1602,314785,3544,459725,,,,
1416392670.43112,pg_catalog,pg_user_mapping,0,0,0,0,0,0,0,0,0,0,0,0,0,0,,,,
1416392670.43112,pg_toast,pg_toast_12315,0,0,0,0,0,0,0,0,0,0,0,0,0,0,,,,
1416392670.43112,pg_catalog,pg_type,0,0,574664,568996,1508,0,1508,0,360,21,3869,571920,5610,1181044,,,,
1416392670.43112,pg_catalog,pg_largeobject,0,0,0,0,0,0,0,0,0,0,0,0,0,0,,,,
1416392670.43112,information_schema,sql_parts,0,0,,,0,0,0,0,0,0,0,0,,,0,0,0,0
1416392670.43112,pg_catalog,pg_ts_config_map,0,0,0,0,0,0,0,0,0,0,0,0,0,0,,,,
1416392670.43112,pg_catalog,pg_largeobject_metadata,0,0,0,0,0,0,0,0,0,0,0,0,0,0,,,,
1416392670.43112,pg_catalog,pg_am,25303,25303,0,0,0,0,0,0,0,0,354,24949,0,0,,,,
1416392670.43112,public,nation,2,50,0,0,25,0,0,0,25,0,1,3,0,0,,,,
1416392670.43112,pg_catalog,pg_ts_template,0,0,0,0,0,0,0,0,0,0,0,0,0,0,,,,
1416392670.43112,pg_catalog,pg_foreign_server,0,0,0,0,0,0,0,0,0,0,0,0,0,0,,,,
1416392670.43112,pg_catalog,pg_namespace,1064,90432,136886,112878,2,0,0,0,2,0,568,114441,1635,161130,,,,
1416392670.43112,pg_toast,pg_toast_2619,0,0,100287,335968,4153,0,3957,0,219,16,33043,132318,1498,162851,,,,
1416392670.43112,pg_catalog,pg_authid,602,602,48367,48367,0,0,0,0,0,0,304,48665,1400,95334,,,,
1416392670.43112,pg_catalog,pg_default_acl,0,0,3044,0,0,0,0,0,0,0,0,0,319,2725,,,,
1416392670.43112,public,time_statistics,0,0,,,1,0,0,0,1,0,1,0,,,,,,
1416392670.43112,pg_catalog,pg_shdepend,0,0,4157,763,0,0,0,0,0,0,354,409,1357,4322,,,,
1416392670.43112,pg_catalog,pg_constraint,0,0,223,112,111,0,112,0,9,16,61,629,112,1119,0,0,0,0
1416392670.43112,information_schema,sql_implementation_info,0,0,,,0,0,0,0,0,0,0,0,,,0,0,0,0
1416392670.43112,pg_catalog,pg_index,3759,343013,269674,383617,593,0,599,0,137,43,3356,388457,1845,308528,,,,
1416392670.43112,pg_catalog,pg_ts_dict,0,0,0,0,0,0,0,0,0,0,0,0,0,0,,,,
1416392670.43112,pg_toast,pg_toast_2604,0,0,0,0,0,0,0,0,0,0,0,0,0,0,,,,
1416392670.43112,pg_toast,pg_toast_12325,0,0,0,0,0,0,0,0,0,0,0,0,0,0,,,,
1416392670.43112,information_schema,sql_sizing,0,0,,,0,0,0,0,0,0,0,0,,,0,0,0,0
1416392670.43112,pg_catalog,pg_proc,0,0,214402,317516,0,0,0,0,0,0,18584,213250,8954,465766,0,0,0,0
1416392730.43172,pg_catalog,pg_attrdef,0,0,0,0,0,0,0,0,0,0,0,0,0,0,0,0,0,0
1416392730.43172,pg_catalog,pg_db_role_setting,0,0,101572,0,0,0,0,0,0,0,0,0,304,101268,0,0,0,0
1416392730.43172,pg_catalog,pg_rowsecurity,0,0,0,0,0,0,0,0,0,0,0,0,0,0,,,,
1416392730.43172,pg_catalog,pg_description,0,0,3394,0,0,0,0,0,0,0,0,0,963,6586,0,0,0,0
1416392730.43172,pg_catalog,pg_foreign_data_wrapper,0,0,0,0,0,0,0,0,0,0,0,0,0,0,,,,
1416392730.43172,pg_catalog,pg_conversion,0,0,0,0,0,0,0,0,0,0,0,0,0,0,,,,
1416392730.43172,pg_catalog,pg_class,7668,1650177,602701,549944,1354,414,1360,403,331,83,7670,631385,5474,1260748,,,,
1416392730.43172,pg_catalog,pg_opfamily,0,0,0,0,0,0,0,0,0,0,0,0,0,0,,,,
1416392730.43172,pg_catalog,pg_auth_members,0,0,0,0,0,0,0,0,0,0,0,0,0,0,,,,
1416392730.43172,pg_catalog,pg_operator,0,0,185679,974722,0,0,0,0,0,0,5185,674061,4564,402611,,,,
1416392730.43172,pg_toast,pg_toast_12345,0,0,0,0,0,0,0,0,0,0,0,0,0,0,,,,
1416392730.43172,pg_catalog,pg_attribute,2079,14175,494210,1114021,4964,138,4976,138,2502,8,19623,548340,4584,1032906,,,,
1416392730.43172,pg_catalog,pg_tablespace,0,0,17270,17270,0,0,0,0,0,0,509,16761,1058,33562,,,,
1416392730.43172,pg_catalog,pg_statistic,0,0,136230,130994,1112,3079,1131,2920,448,85,13692,126575,1583,291181,33043,132321,1498,162860
1416392730.43172,pg_catalog,pg_aggregate,0,0,12917,12917,0,0,0,0,0,0,965,11952,2195,20324,,,,
1416392730.43172,pg_catalog,pg_inherits,0,0,761,0,0,0,0,0,0,0,0,0,335,426,,,,
1416392730.43172,pg_catalog,pg_enum,0,0,0,0,0,0,0,0,0,0,0,0,0,0,,,,
1416392730.43172,public,orders,4,60000000,0,0,15000000,0,0,0,15000000,0,504554,1558780,0,0,,,,
1416392730.43172,pg_toast,pg_toast_2396,0,0,0,0,0,0,0,0,0,0,0,0,0,0,,,,
1416392730.43172,pg_catalog,pg_pltemplate,0,0,0,0,0,0,0,0,0,0,0,0,0,0,,,,
1416392730.43172,pg_toast,pg_toast_2618,0,0,2546,8130,0,0,0,0,0,0,1489,1630,442,3664,,,,
1416392730.43172,pg_toast,pg_toast_3596,0,0,0,0,0,0,0,0,0,0,0,0,0,0,,,,
1416392730.43172,pg_toast,pg_toast_2606,0,0,0,0,0,0,0,0,0,0,0,0,0,0,,,,
1416392730.43172,pg_toast,pg_toast_2964,0,0,0,0,0,0,0,0,0,0,0,0,0,0,,,,
1416392730.43172,pg_toast,pg_toast_12330,0,0,0,0,0,0,0,0,0,0,0,0,0,0,,,,
1416392730.43172,pg_catalog,pg_database,1832,6998,82484,82484,0,0,0,0,0,0,217,84099,1361,131854,,,,
1416392730.43172,information_schema,sql_sizing_profiles,0,0,,,0,0,0,0,0,0,0,0,,,0,0,0,0
1416392730.43172,public,lineitem,2,119972104,0,0,59986052,0,0,0,59986052,0,1951648,3552751,0,0,,,,
1416392730.43172,pg_toast,pg_toast_2620,0,0,0,0,0,0,0,0,0,0,0,0,0,0,,,,
1416392730.43172,pg_catalog,pg_depend,0,0,31645,34029,5799,0,5814,0,6670,402,5760,40730,8125,82205,,,,
1416392730.43172,public,partsupp,3,24000000,0,0,8000000,0,0,0,8000000,0,340611,954509,0,0,,,,
1416392730.43172,pg_catalog,pg_language,0,0,0,0,0,0,0,0,0,0,0,0,0,0,,,,
1416392730.43172,pg_toast,pg_toast_12320,0,0,0,0,0,0,0,0,0,0,0,0,0,0,,,,
1416392730.43172,pg_catalog,pg_amproc,378,756,105999,166751,0,0,0,0,0,0,519,104247,945,235772,,,,
1416392730.43172,public,region,2,10,0,0,5,0,0,0,5,0,1,3,0,0,,,,
1416392730.43172,pg_catalog,pg_collation,0,0,0,0,0,0,0,0,0,0,0,0,0,0,,,,
1416392730.43172,pg_catalog,pg_range,0,0,5809,0,0,0,0,0,0,0,0,0,2334,9284,,,,
1416392730.43172,pg_toast,pg_toast_2609,0,0,0,0,0,0,0,0,0,0,0,0,0,0,,,,
1416392730.43172,pg_catalog,pg_opclass,378,378,146037,1645464,0,0,0,0,0,0,1137,652514,2335,178687,,,,
1416392730.43172,information_schema,sql_packages,0,0,,,0,0,0,0,0,0,0,0,,,0,0,0,0
1416392730.43172,public,supplier,4,400000,0,0,100000,0,0,0,100000,0,2312,15648,0,0,,,,
1416392730.43172,pg_catalog,pg_rewrite,0,0,6016,4774,414,0,414,0,111,14,3002,5286,1382,8880,1489,1630,884,7328
1416392730.43172,public,customer,6,9000000,0,0,1500000,0,0,0,1500000,0,68533,294857,0,0,,,,
1416392730.43172,pg_toast,pg_toast_1255,0,0,0,0,0,0,0,0,0,0,0,0,0,0,,,,
1416392730.43172,pg_catalog,pg_seclabel,0,0,3394,0,0,0,0,0,0,0,0,0,314,3080,0,0,0,0
1416392730.43172,pg_toast,pg_toast_12335,0,0,0,0,0,0,0,0,0,0,0,0,0,0,,,,
1416392730.43172,pg_catalog,pg_ts_parser,0,0,0,0,0,0,0,0,0,0,0,0,0,0,,,,
1416392730.43172,pg_catalog,pg_trigger,0,0,0,0,0,0,0,0,0,0,0,0,0,0,0,0,0,0
1416392730.43172,public,part,6,12000000,0,0,2000000,0,0,0,2000000,0,79007,327715,0,0,,,,
1416392730.43172,pg_toast,pg_toast_12340,0,0,0,0,0,0,0,0,0,0,0,0,0,0,,,,
1416392730.43172,pg_catalog,pg_shseclabel,0,0,0,0,0,0,0,0,0,0,0,0,0,0,,,,
1416392730.43172,pg_catalog,pg_event_trigger,0,0,1287,0,0,0,0,0,0,0,0,0,354,933,,,,
1416392730.43172,information_schema,sql_features,0,0,,,0,0,0,0,0,0,0,0,,,0,0,0,0
1416392730.43172,information_schema,sql_languages,0,0,,,0,0,0,0,0,0,0,0,,,0,0,0,0
1416392730.43172,pg_catalog,pg_foreign_table,0,0,0,0,0,0,0,0,0,0,0,0,0,0,,,,
1416392730.43172,pg_catalog,pg_extension,0,0,0,0,0,0,0,0,0,0,0,0,0,0,,,,
1416392730.43172,pg_catalog,pg_ts_config,0,0,0,0,0,0,0,0,0,0,0,0,0,0,,,,
1416392730.43172,pg_catalog,pg_shdescription,0,0,0,0,0,0,0,0,0,0,0,0,0,0,0,0,0,0
1416392730.43172,pg_catalog,pg_cast,0,0,811710,192680,0,0,0,0,0,0,1087,191593,667,834343,,,,
1416392730.43172,pg_catalog,pg_amop,0,0,217365,316436,0,0,0,0,0,0,1602,314834,3544,459813,,,,
1416392730.43172,pg_catalog,pg_user_mapping,0,0,0,0,0,0,0,0,0,0,0,0,0,0,,,,
1416392730.43172,pg_toast,pg_toast_12315,0,0,0,0,0,0,0,0,0,0,0,0,0,0,,,,
1416392730.43172,pg_catalog,pg_type,0,0,574772,569104,1508,0,1508,0,360,21,3869,572028,5610,1181266,,,,
1416392730.43172,pg_catalog,pg_largeobject,0,0,0,0,0,0,0,0,0,0,0,0,0,0,,,,
1416392730.43172,information_schema,sql_parts,0,0,,,0,0,0,0,0,0,0,0,,,0,0,0,0
1416392730.43172,pg_catalog,pg_ts_config_map,0,0,0,0,0,0,0,0,0,0,0,0,0,0,,,,
1416392730.43172,pg_catalog,pg_largeobject_metadata,0,0,0,0,0,0,0,0,0,0,0,0,0,0,,,,
1416392730.43172,pg_catalog,pg_am,25312,25312,0,0,0,0,0,0,0,0,354,24958,0,0,,,,
1416392730.43172,public,nation,2,50,0,0,25,0,0,0,25,0,1,3,0,0,,,,
1416392730.43172,pg_catalog,pg_ts_template,0,0,0,0,0,0,0,0,0,0,0,0,0,0,,,,
1416392730.43172,pg_catalog,pg_foreign_server,0,0,0,0,0,0,0,0,0,0,0,0,0,0,,,,
1416392730.43172,pg_catalog,pg_namespace,1066,90604,137042,113028,2,0,0,0,2,0,568,114595,1635,161295,,,,
1416392730.43172,pg_toast,pg_toast_2619,0,0,100290,335974,4153,0,3957,0,219,16,33043,132321,1498,162860,,,,
1416392730.43172,pg_catalog,pg_authid,603,603,48377,48377,0,0,0,0,0,0,304,48676,1400,95354,,,,
1416392730.43172,pg_catalog,pg_default_acl,0,0,3044,0,0,0,0,0,0,0,0,0,319,2725,,,,
1416392730.43172,public,time_statistics,0,0,,,1,0,0,0,1,0,1,0,,,,,,
1416392730.43172,pg_catalog,pg_shdepend,0,0,4157,763,0,0,0,0,0,0,354,409,1357,4322,,,,
1416392730.43172,pg_catalog,pg_constraint,0,0,223,112,111,0,112,0,9,16,61,629,112,1119,0,0,0,0
1416392730.43172,information_schema,sql_implementation_info,0,0,,,0,0,0,0,0,0,0,0,,,0,0,0,0
1416392730.43172,pg_catalog,pg_index,3764,343698,269726,383684,593,0,599,0,137,43,3356,388544,1845,308595,,,,
1416392730.43172,pg_catalog,pg_ts_dict,0,0,0,0,0,0,0,0,0,0,0,0,0,0,,,,
1416392730.43172,pg_toast,pg_toast_2604,0,0,0,0,0,0,0,0,0,0,0,0,0,0,,,,
1416392730.43172,pg_toast,pg_toast_12325,0,0,0,0,0,0,0,0,0,0,0,0,0,0,,,,
1416392730.43172,information_schema,sql_sizing,0,0,,,0,0,0,0,0,0,0,0,,,0,0,0,0
1416392730.43172,pg_catalog,pg_proc,0,0,214486,317642,0,0,0,0,0,0,18584,213358,8954,465946,0,0,0,0
1416392790.43478,pg_catalog,pg_attrdef,0,0,0,0,0,0,0,0,0,0,0,0,0,0,0,0,0,0
1416392790.43478,pg_catalog,pg_db_role_setting,0,0,101600,0,0,0,0,0,0,0,0,0,304,101296,0,0,0,0
1416392790.43478,pg_catalog,pg_rowsecurity,0,0,0,0,0,0,0,0,0,0,0,0,0,0,,,,
1416392790.43478,pg_catalog,pg_description,0,0,3394,0,0,0,0,0,0,0,0,0,963,6586,0,0,0,0
1416392790.43478,pg_catalog,pg_foreign_data_wrapper,0,0,0,0,0,0,0,0,0,0,0,0,0,0,,,,
1416392790.43478,pg_catalog,pg_conversion,0,0,0,0,0,0,0,0,0,0,0,0,0,0,,,,
1416392790.43478,pg_catalog,pg_class,7678,1653173,603040,550283,1354,414,1360,403,331,83,7670,631855,5474,1261442,,,,
1416392790.43478,pg_catalog,pg_opfamily,0,0,0,0,0,0,0,0,0,0,0,0,0,0,,,,
1416392790.43478,pg_catalog,pg_auth_members,0,0,0,0,0,0,0,0,0,0,0,0,0,0,,,,
1416392790.43478,pg_catalog,pg_operator,0,0,185696,974739,0,0,0,0,0,0,5185,674078,4564,402653,,,,
1416392790.43478,pg_toast,pg_toast_12345,0,0,0,0,0,0,0,0,0,0,0,0,0,0,,,,
1416392790.43478,pg_catalog,pg_attribute,2079,14175,494416,1114359,4964,138,4976,138,2502,8,19623,548553,4584,1033326,,,,
1416392790.43478,pg_catalog,pg_tablespace,0,0,17275,17275,0,0,0,0,0,0,509,16766,1058,33572,,,,
1416392790.43478,pg_catalog,pg_statistic,0,0,136255,131013,1112,3079,1131,2920,448,85,13692,126594,1583,291236,33043,132324,1498,162869
1416392790.43478,pg_catalog,pg_aggregate,0,0,12918,12918,0,0,0,0,0,0,965,11953,2195,20326,,,,
1416392790.43478,pg_catalog,pg_inherits,0,0,761,0,0,0,0,0,0,0,0,0,335,426,,,,
1416392790.43478,pg_catalog,pg_enum,0,0,0,0,0,0,0,0,0,0,0,0,0,0,,,,
1416392790.43478,public,orders,4,60000000,0,0,15000000,0,0,0,15000000,0,504554,1558780,0,0,,,,
1416392790.43478,pg_toast,pg_toast_2396,0,0,0,0,0,0,0,0,0,0,0,0,0,0,,,,
1416392790.43478,pg_catalog,pg_pltemplate,0,0,0,0,0,0,0,0,0,0,0,0,0,0,,,,
1416392790.43478,pg_toast,pg_toast_2618,0,0,2551,8146,0,0,0,0,0,0,1489,1636,442,3672,,,,
1416392790.43478,pg_toast,pg_toast_3596,0,0,0,0,0,0,0,0,0,0,0,0,0,0,,,,
1416392790.43478,pg_toast,pg_toast_2606,0,0,0,0,0,0,0,0,0,0,0,0,0,0,,,,
1416392790.43478,pg_toast,pg_toast_2964,0,0,0,0,0,0,0,0,0,0,0,0,0,0,,,,
1416392790.43478,pg_toast,pg_toast_12330,0,0,0,0,0,0,0,0,0,0,0,0,0,0,,,,
1416392790.43478,pg_catalog,pg_database,1835,7010,82515,82515,0,0,0,0,0,0,217,84133,1361,131899,,,,
1416392790.43478,information_schema,sql_sizing_profiles,0,0,,,0,0,0,0,0,0,0,0,,,0,0,0,0
1416392790.43478,public,lineitem,2,119972104,0,0,59986052,0,0,0,59986052,0,1951648,3552751,0,0,,,,
1416392790.43478,pg_toast,pg_toast_2620,0,0,0,0,0,0,0,0,0,0,0,0,0,0,,,,
1416392790.43478,pg_catalog,pg_depend,0,0,31645,34029,5799,0,5814,0,6670,402,5760,40730,8125,82205,,,,
1416392790.43478,public,partsupp,3,24000000,0,0,8000000,0,0,0,8000000,0,340611,954509,0,0,,,,
1416392790.43478,pg_catalog,pg_language,0,0,0,0,0,0,0,0,0,0,0,0,0,0,,,,
1416392790.43478,pg_toast,pg_toast_12320,0,0,0,0,0,0,0,0,0,0,0,0,0,0,,,,
1416392790.43478,pg_catalog,pg_amproc,378,756,106016,166778,0,0,0,0,0,0,519,104264,945,235812,,,,
1416392790.43478,public,region,2,10,0,0,5,0,0,0,5,0,1,3,0,0,,,,
1416392790.43478,pg_catalog,pg_collation,0,0,0,0,0,0,0,0,0,0,0,0,0,0,,,,
1416392790.43478,pg_catalog,pg_range,0,0,5809,0,0,0,0,0,0,0,0,0,2334,9284,,,,
1416392790.43478,pg_toast,pg_toast_2609,0,0,0,0,0,0,0,0,0,0,0,0,0,0,,,,
1416392790.43478,pg_catalog,pg_opclass,378,378,146055,1645649,0,0,0,0,0,0,1137,652584,2335,178714,,,,
1416392790.43478,information_schema,sql_packages,0,0,,,0,0,0,0,0,0,0,0,,,0,0,0,0
1416392790.43478,public,supplier,4,400000,0,0,100000,0,0,0,100000,0,2312,15648,0,0,,,,
1416392790.43478,pg_catalog,pg_rewrite,0,0,6023,4781,414,0,414,0,111,14,3002,5293,1382,8892,1489,1636,884,7344
1416392790.43478,public,customer,6,9000000,0,0,1500000,0,0,0,1500000,0,68533,294857,0,0,,,,
1416392790.43478,pg_toast,pg_toast_1255,0,0,0,0,0,0,0,0,0,0,0,0,0,0,,,,
1416392790.43478,pg_catalog,pg_seclabel,0,0,3394,0,0,0,0,0,0,0,0,0,314,3080,0,0,0,0
1416392790.43478,pg_toast,pg_toast_12335,0,0,0,0,0,0,0,0,0,0,0,0,0,0,,,,
1416392790.43478,pg_catalog,pg_ts_parser,0,0,0,0,0,0,0,0,0,0,0,0,0,0,,,,
1416392790.43478,pg_catalog,pg_trigger,0,0,0,0,0,0,0,0,0,0,0,0,0,0,0,0,0,0
1416392790.43478,public,part,6,12000000,0,0,2000000,0,0,0,2000000,0,79007,327715,0,0,,,,
1416392790.43478,pg_toast,pg_toast_12340,0,0,0,0,0,0,0,0,0,0,0,0,0,0,,,,
1416392790.43478,pg_catalog,pg_shseclabel,0,0,0,0,0,0,0,0,0,0,0,0,0,0,,,,
1416392790.43478,pg_catalog,pg_event_trigger,0,0,1287,0,0,0,0,0,0,0,0,0,354,933,,,,
1416392790.43478,information_schema,sql_features,0,0,,,0,0,0,0,0,0,0,0,,,0,0,0,0
1416392790.43478,information_schema,sql_languages,0,0,,,0,0,0,0,0,0,0,0,,,0,0,0,0
1416392790.43478,pg_catalog,pg_foreign_table,0,0,0,0,0,0,0,0,0,0,0,0,0,0,,,,
1416392790.43478,pg_catalog,pg_extension,0,0,0,0,0,0,0,0,0,0,0,0,0,0,,,,
1416392790.43478,pg_catalog,pg_ts_config,0,0,0,0,0,0,0,0,0,0,0,0,0,0,,,,
1416392790.43478,pg_catalog,pg_shdescription,0,0,0,0,0,0,0,0,0,0,0,0,0,0,0,0,0,0
1416392790.43478,pg_catalog,pg_cast,0,0,811779,192708,0,0,0,0,0,0,1087,191621,667,834417,,,,
1416392790.43478,pg_catalog,pg_amop,0,0,217398,316477,0,0,0,0,0,0,1602,314875,3544,459887,,,,
1416392790.43478,pg_catalog,pg_user_mapping,0,0,0,0,0,0,0,0,0,0,0,0,0,0,,,,
1416392790.43478,pg_toast,pg_toast_12315,0,0,0,0,0,0,0,0,0,0,0,0,0,0,,,,
1416392790.43478,pg_catalog,pg_type,0,0,574864,569196,1508,0,1508,0,360,21,3869,572120,5610,1181455,,,,
1416392790.43478,pg_catalog,pg_largeobject,0,0,0,0,0,0,0,0,0,0,0,0,0,0,,,,
1416392790.43478,information_schema,sql_parts,0,0,,,0,0,0,0,0,0,0,0,,,0,0,0,0
1416392790.43478,pg_catalog,pg_ts_config_map,0,0,0,0,0,0,0,0,0,0,0,0,0,0,,,,
1416392790.43478,pg_catalog,pg_largeobject_metadata,0,0,0,0,0,0,0,0,0,0,0,0,0,0,,,,
1416392790.43478,pg_catalog,pg_am,25318,25318,0,0,0,0,0,0,0,0,354,24964,0,0,,,,
1416392790.43478,public,nation,2,50,0,0,25,0,0,0,25,0,1,3,0,0,,,,
1416392790.43478,pg_catalog,pg_ts_template,0,0,0,0,0,0,0,0,0,0,0,0,0,0,,,,
1416392790.43478,pg_catalog,pg_foreign_server,0,0,0,0,0,0,0,0,0,0,0,0,0,0,,,,
1416392790.43478,pg_catalog,pg_namespace,1068,90776,137195,113176,2,0,0,0,2,0,568,114747,1635,161456,,,,
1416392790.43478,pg_toast,pg_toast_2619,0,0,100293,335980,4153,0,3957,0,219,16,33043,132324,1498,162869,,,,
1416392790.43478,pg_catalog,pg_authid,604,604,48387,48387,0,0,0,0,0,0,304,48687,1400,95374,,,,
1416392790.43478,pg_catalog,pg_default_acl,0,0,3044,0,0,0,0,0,0,0,0,0,319,2725,,,,
1416392790.43478,public,time_statistics,0,0,,,1,0,0,0,1,0,1,0,,,,,,
1416392790.43478,pg_catalog,pg_shdepend,0,0,4157,763,0,0,0,0,0,0,354,409,1357,4322,,,,
1416392790.43478,pg_catalog,pg_constraint,0,0,223,112,111,0,112,0,9,16,61,629,112,1119,0,0,0,0
1416392790.43478,information_schema,sql_implementation_info,0,0,,,0,0,0,0,0,0,0,0,,,0,0,0,0
1416392790.43478,pg_catalog,pg_index,3769,344383,269770,383741,593,0,599,0,137,43,3356,388623,1845,308650,,,,
1416392790.43478,pg_catalog,pg_ts_dict,0,0,0,0,0,0,0,0,0,0,0,0,0,0,,,,
1416392790.43478,pg_toast,pg_toast_2604,0,0,0,0,0,0,0,0,0,0,0,0,0,0,,,,
1416392790.43478,pg_toast,pg_toast_12325,0,0,0,0,0,0,0,0,0,0,0,0,0,0,,,,
1416392790.43478,information_schema,sql_sizing,0,0,,,0,0,0,0,0,0,0,0,,,0,0,0,0
1416392790.43478,pg_catalog,pg_proc,0,0,214564,317755,0,0,0,0,0,0,18584,213456,8954,466112,0,0,0,0
1416392850.43753,pg_catalog,pg_attrdef,0,0,0,0,0,0,0,0,0,0,0,0,0,0,0,0,0,0
1416392850.43753,pg_catalog,pg_db_role_setting,0,0,101628,0,0,0,0,0,0,0,0,0,304,101324,0,0,0,0
1416392850.43753,pg_catalog,pg_rowsecurity,0,0,0,0,0,0,0,0,0,0,0,0,0,0,,,,
1416392850.43753,pg_catalog,pg_description,0,0,3394,0,0,0,0,0,0,0,0,0,963,6586,0,0,0,0
1416392850.43753,pg_catalog,pg_foreign_data_wrapper,0,0,0,0,0,0,0,0,0,0,0,0,0,0,,,,
1416392850.43753,pg_catalog,pg_conversion,0,0,0,0,0,0,0,0,0,0,0,0,0,0,,,,
1416392850.43753,pg_catalog,pg_class,7688,1656169,603397,550637,1355,414,1360,403,332,83,7670,632346,5474,1262180,,,,
1416392850.43753,pg_catalog,pg_opfamily,0,0,0,0,0,0,0,0,0,0,0,0,0,0,,,,
1416392850.43753,pg_catalog,pg_auth_members,0,0,0,0,0,0,0,0,0,0,0,0,0,0,,,,
1416392850.43753,pg_catalog,pg_operator,0,0,185713,974756,0,0,0,0,0,0,5185,674095,4564,402695,,,,
1416392850.43753,pg_toast,pg_toast_12345,0,0,0,0,0,0,0,0,0,0,0,0,0,0,,,,
1416392850.43753,pg_catalog,pg_attribute,2079,14175,494635,1114783,4967,138,4976,138,2505,8,19623,548786,4584,1033785,,,,
1416392850.43753,pg_catalog,pg_tablespace,0,0,17280,17280,0,0,0,0,0,0,509,16771,1058,33582,,,,
1416392850.43753,pg_catalog,pg_statistic,0,0,136280,131032,1112,3079,1131,2920,448,85,13692,126613,1583,291291,33043,132327,1498,162878
1416392850.43753,pg_catalog,pg_aggregate,0,0,12919,12919,0,0,0,0,0,0,965,11954,2195,20328,,,,
1416392850.43753,pg_catalog,pg_inherits,0,0,761,0,0,0,0,0,0,0,0,0,335,426,,,,
1416392850.43753,pg_catalog,pg_enum,0,0,0,0,0,0,0,0,0,0,0,0,0,0,,,,
1416392850.43753,public,orders,4,60000000,0,0,15000000,0,0,0,15000000,0,504554,1558780,0,0,,,,
1416392850.43753,pg_toast,pg_toast_2396,0,0,0,0,0,0,0,0,0,0,0,0,0,0,,,,
1416392850.43753,pg_catalog,pg_pltemplate,0,0,0,0,0,0,0,0,0,0,0,0,0,0,,,,
1416392850.43753,pg_toast,pg_toast_2618,0,0,2556,8162,0,0,0,0,0,0,1489,1642,442,3680,,,,
1416392850.43753,pg_toast,pg_toast_3596,0,0,0,0,0,0,0,0,0,0,0,0,0,0,,,,
1416392850.43753,pg_toast,pg_toast_2606,0,0,0,0,0,0,0,0,0,0,0,0,0,0,,,,
1416392850.43753,pg_toast,pg_toast_2964,0,0,0,0,0,0,0,0,0,0,0,0,0,0,,,,
1416392850.43753,pg_toast,pg_toast_12330,0,0,0,0,0,0,0,0,0,0,0,0,0,0,,,,
1416392850.43753,pg_catalog,pg_database,1838,7022,82549,82549,0,0,0,0,0,0,217,84170,1361,131947,,,,
1416392850.43753,information_schema,sql_sizing_profiles,0,0,,,0,0,0,0,0,0,0,0,,,0,0,0,0
1416392850.43753,public,lineitem,3,179958156,0,0,59986052,0,0,0,59986052,0,2143073,4426743,0,0,,,,
1416392850.43753,pg_toast,pg_toast_2620,0,0,0,0,0,0,0,0,0,0,0,0,0,0,,,,
1416392850.43753,pg_catalog,pg_depend,0,0,31651,34035,5802,0,5814,0,6673,402,5760,40742,8125,82231,,,,
1416392850.43753,public,partsupp,3,24000000,0,0,8000000,0,0,0,8000000,0,340611,954509,0,0,,,,
1416392850.43753,pg_catalog,pg_language,0,0,0,0,0,0,0,0,0,0,0,0,0,0,,,,
1416392850.43753,pg_toast,pg_toast_12320,0,0,0,0,0,0,0,0,0,0,0,0,0,0,,,,
1416392850.43753,pg_catalog,pg_amproc,378,756,106036,166810,0,0,0,0,0,0,519,104284,945,235858,,,,
1416392850.43753,public,region,2,10,0,0,5,0,0,0,5,0,1,3,0,0,,,,
1416392850.43753,pg_catalog,pg_collation,0,0,0,0,0,0,0,0,0,0,0,0,0,0,,,,
1416392850.43753,pg_catalog,pg_range,0,0,5809,0,0,0,0,0,0,0,0,0,2334,9284,,,,
1416392850.43753,pg_toast,pg_toast_2609,0,0,0,0,0,0,0,0,0,0,0,0,0,0,,,,
1416392850.43753,pg_catalog,pg_opclass,378,378,146082,1645972,0,0,0,0,0,0,1137,652699,2335,178751,,,,
1416392850.43753,information_schema,sql_packages,0,0,,,0,0,0,0,0,0,0,0,,,0,0,0,0
1416392850.43753,public,supplier,4,400000,0,0,100000,0,0,0,100000,0,2312,15648,0,0,,,,
1416392850.43753,pg_catalog,pg_rewrite,0,0,6030,4788,414,0,414,0,111,14,3002,5300,1382,8904,1489,1642,884,7360
1416392850.43753,public,customer,6,9000000,0,0,1500000,0,0,0,1500000,0,68533,294857,0,0,,,,
1416392850.43753,pg_toast,pg_toast_1255,0,0,0,0,0,0,0,0,0,0,0,0,0,0,,,,
1416392850.43753,pg_catalog,pg_seclabel,0,0,3394,0,0,0,0,0,0,0,0,0,314,3080,0,0,0,0
1416392850.43753,pg_toast,pg_toast_12335,0,0,0,0,0,0,0,0,0,0,0,0,0,0,,,,
1416392850.43753,pg_catalog,pg_ts_parser,0,0,0,0,0,0,0,0,0,0,0,0,0,0,,,,
1416392850.43753,pg_catalog,pg_trigger,0,0,0,0,0,0,0,0,0,0,0,0,0,0,0,0,0,0
1416392850.43753,public,part,6,12000000,0,0,2000000,0,0,0,2000000,0,79007,327715,0,0,,,,
1416392850.43753,pg_toast,pg_toast_12340,0,0,0,0,0,0,0,0,0,0,0,0,0,0,,,,
1416392850.43753,pg_catalog,pg_shseclabel,0,0,0,0,0,0,0,0,0,0,0,0,0,0,,,,
1416392850.43753,pg_catalog,pg_event_trigger,0,0,1288,0,0,0,0,0,0,0,0,0,354,934,,,,
1416392850.43753,information_schema,sql_features,0,0,,,0,0,0,0,0,0,0,0,,,0,0,0,0
1416392850.43753,information_schema,sql_languages,0,0,,,0,0,0,0,0,0,0,0,,,0,0,0,0
1416392850.43753,pg_catalog,pg_foreign_table,0,0,0,0,0,0,0,0,0,0,0,0,0,0,,,,
1416392850.43753,pg_catalog,pg_extension,0,0,0,0,0,0,0,0,0,0,0,0,0,0,,,,
1416392850.43753,pg_catalog,pg_ts_config,0,0,0,0,0,0,0,0,0,0,0,0,0,0,,,,
1416392850.43753,pg_catalog,pg_shdescription,0,0,0,0,0,0,0,0,0,0,0,0,0,0,0,0,0,0
1416392850.43753,pg_catalog,pg_cast,0,0,811874,192743,0,0,0,0,0,0,1087,191656,667,834518,,,,
1416392850.43753,pg_catalog,pg_amop,0,0,217431,316518,0,0,0,0,0,0,1602,314916,3544,459961,,,,
1416392850.43753,pg_catalog,pg_user_mapping,0,0,0,0,0,0,0,0,0,0,0,0,0,0,,,,
1416392850.43753,pg_toast,pg_toast_12315,0,0,0,0,0,0,0,0,0,0,0,0,0,0,,,,
1416392850.43753,pg_catalog,pg_type,0,0,574959,569291,1508,0,1508,0,360,21,3869,572215,5610,1181651,,,,
1416392850.43753,pg_catalog,pg_largeobject,0,0,0,0,0,0,0,0,0,0,0,0,0,0,,,,
1416392850.43753,information_schema,sql_parts,0,0,,,0,0,0,0,0,0,0,0,,,0,0,0,0
1416392850.43753,pg_catalog,pg_ts_config_map,0,0,0,0,0,0,0,0,0,0,0,0,0,0,,,,
1416392850.43753,pg_catalog,pg_largeobject_metadata,0,0,0,0,0,0,0,0,0,0,0,0,0,0,,,,
1416392850.43753,pg_catalog,pg_am,25325,25325,0,0,0,0,0,0,0,0,354,24971,0,0,,,,
1416392850.43753,public,nation,2,50,0,0,25,0,0,0,25,0,1,3,0,0,,,,
1416392850.43753,pg_catalog,pg_ts_template,0,0,0,0,0,0,0,0,0,0,0,0,0,0,,,,
1416392850.43753,pg_catalog,pg_foreign_server,0,0,0,0,0,0,0,0,0,0,0,0,0,0,,,,
1416392850.43753,pg_catalog,pg_namespace,1070,90948,137350,113325,2,0,0,0,2,0,568,114900,1635,161620,,,,
1416392850.43753,pg_toast,pg_toast_2619,0,0,100296,335986,4153,0,3957,0,219,16,33043,132327,1498,162878,,,,
1416392850.43753,pg_catalog,pg_authid,605,605,48397,48397,0,0,0,0,0,0,304,48698,1400,95394,,,,
1416392850.43753,pg_catalog,pg_default_acl,0,0,3044,0,0,0,0,0,0,0,0,0,319,2725,,,,
1416392850.43753,public,time_statistics,0,0,,,1,0,0,0,1,0,1,0,,,,,,
1416392850.43753,pg_catalog,pg_shdepend,0,0,4157,763,0,0,0,0,0,0,354,409,1357,4322,,,,
1416392850.43753,pg_catalog,pg_constraint,0,0,223,112,111,0,112,0,9,16,61,629,112,1119,0,0,0,0
1416392850.43753,information_schema,sql_implementation_info,0,0,,,0,0,0,0,0,0,0,0,,,0,0,0,0
1416392850.43753,pg_catalog,pg_index,3774,345068,269823,383812,594,0,599,0,138,43,3356,388715,1845,308717,,,,
1416392850.43753,pg_catalog,pg_ts_dict,0,0,0,0,0,0,0,0,0,0,0,0,0,0,,,,
1416392850.43753,pg_toast,pg_toast_2604,0,0,0,0,0,0,0,0,0,0,0,0,0,0,,,,
1416392850.43753,pg_toast,pg_toast_12325,0,0,0,0,0,0,0,0,0,0,0,0,0,0,,,,
1416392850.43753,information_schema,sql_sizing,0,0,,,0,0,0,0,0,0,0,0,,,0,0,0,0
1416392850.43753,pg_catalog,pg_proc,0,0,214642,317868,0,0,0,0,0,0,18584,213554,8954,466278,0,0,0,0
1416392910.4448,pg_catalog,pg_attrdef,0,0,0,0,0,0,0,0,0,0,0,0,0,0,0,0,0,0
1416392910.4448,pg_catalog,pg_db_role_setting,0,0,101656,0,0,0,0,0,0,0,0,0,304,101352,0,0,0,0
1416392910.4448,pg_catalog,pg_rowsecurity,0,0,0,0,0,0,0,0,0,0,0,0,0,0,,,,
1416392910.4448,pg_catalog,pg_description,0,0,3394,0,0,0,0,0,0,0,0,0,963,6586,0,0,0,0
1416392910.4448,pg_catalog,pg_foreign_data_wrapper,0,0,0,0,0,0,0,0,0,0,0,0,0,0,,,,
1416392910.4448,pg_catalog,pg_conversion,0,0,0,0,0,0,0,0,0,0,0,0,0,0,,,,
1416392910.4448,pg_catalog,pg_class,7753,1659232,604146,551383,1356,414,1360,403,333,83,7670,633405,5474,1263701,,,,
1416392910.4448,pg_catalog,pg_opfamily,0,0,0,0,0,0,0,0,0,0,0,0,0,0,,,,
1416392910.4448,pg_catalog,pg_auth_members,0,0,0,0,0,0,0,0,0,0,0,0,0,0,,,,
1416392910.4448,pg_catalog,pg_operator,0,0,185736,974779,0,0,0,0,0,0,5185,674118,4564,402749,,,,
1416392910.4448,pg_toast,pg_toast_12345,0,0,0,0,0,0,0,0,0,0,0,0,0,0,,,,
1416392910.4448,pg_catalog,pg_attribute,2134,14550,495233,1116577,4969,140,4976,140,2507,10,19623,550180,4584,1035001,,,,
1416392910.4448,pg_catalog,pg_tablespace,0,0,17285,17285,0,0,0,0,0,0,509,16776,1058,33592,,,,
1416392910.4448,pg_catalog,pg_statistic,0,0,136325,131073,1112,3103,1131,2944,448,104,13692,126679,1583,291386,33043,132330,1498,162887
1416392910.4448,pg_catalog,pg_aggregate,0,0,12920,12920,0,0,0,0,0,0,965,11955,2195,20330,,,,
1416392910.4448,pg_catalog,pg_inherits,0,0,761,0,0,0,0,0,0,0,0,0,335,426,,,,
1416392910.4448,pg_catalog,pg_enum,0,0,0,0,0,0,0,0,0,0,0,0,0,0,,,,
1416392910.4448,public,orders,4,60000000,0,0,15000000,0,0,0,15000000,0,504554,1558780,0,0,,,,
1416392910.4448,pg_toast,pg_toast_2396,0,0,0,0,0,0,0,0,0,0,0,0,0,0,,,,
1416392910.4448,pg_catalog,pg_pltemplate,0,0,0,0,0,0,0,0,0,0,0,0,0,0,,,,
1416392910.4448,pg_toast,pg_toast_2618,0,0,2560,8176,0,0,0,0,0,0,1489,1647,442,3686,,,,
1416392910.4448,pg_toast,pg_toast_3596,0,0,0,0,0,0,0,0,0,0,0,0,0,0,,,,
1416392910.4448,pg_toast,pg_toast_2606,0,0,0,0,0,0,0,0,0,0,0,0,0,0,,,,
1416392910.4448,pg_toast,pg_toast_2964,0,0,0,0,0,0,0,0,0,0,0,0,0,0,,,,
1416392910.4448,pg_toast,pg_toast_12330,0,0,0,0,0,0,0,0,0,0,0,0,0,0,,,,
1416392910.4448,pg_catalog,pg_database,1841,7034,82581,82581,0,0,0,0,0,0,217,84205,1361,131993,,,,
1416392910.4448,information_schema,sql_sizing_profiles,0,0,,,0,0,0,0,0,0,0,0,,,0,0,0,0
1416392910.4448,public,lineitem,5,299930260,0,0,59986052,0,0,0,59986052,0,4269217,4431433,0,0,,,,
1416392910.4448,pg_toast,pg_toast_2620,0,0,0,0,0,0,0,0,0,0,0,0,0,0,,,,
1416392910.4448,pg_catalog,pg_depend,0,0,31656,34039,5805,0,5814,0,6676,402,5760,40752,8125,82255,,,,
1416392910.4448,public,partsupp,3,24000000,0,0,8000000,0,0,0,8000000,0,340611,954509,0,0,,,,
1416392910.4448,pg_catalog,pg_language,0,0,0,0,0,0,0,0,0,0,0,0,0,0,,,,
1416392910.4448,pg_toast,pg_toast_12320,0,0,0,0,0,0,0,0,0,0,0,0,0,0,,,,
1416392910.4448,pg_catalog,pg_amproc,388,776,106088,166876,0,0,0,0,0,0,519,104363,945,235968,,,,
1416392910.4448,public,region,2,10,0,0,5,0,0,0,5,0,1,3,0,0,,,,
1416392910.4448,pg_catalog,pg_collation,0,0,0,0,0,0,0,0,0,0,0,0,0,0,,,,
1416392910.4448,pg_catalog,pg_range,0,0,5809,0,0,0,0,0,0,0,0,0,2334,9284,,,,
1416392910.4448,pg_toast,pg_toast_2609,0,0,0,0,0,0,0,0,0,0,0,0,0,0,,,,
1416392910.4448,pg_catalog,pg_opclass,388,388,146147,1646796,0,0,0,0,0,0,1137,653002,2335,178827,,,,
1416392910.4448,information_schema,sql_packages,0,0,,,0,0,0,0,0,0,0,0,,,0,0,0,0
1416392910.4448,public,supplier,4,400000,0,0,100000,0,0,0,100000,0,2312,15648,0,0,,,,
1416392910.4448,pg_catalog,pg_rewrite,0,0,6036,4794,414,0,414,0,111,14,3002,5306,1382,8914,1489,1647,884,7372
1416392910.4448,public,customer,6,9000000,0,0,1500000,0,0,0,1500000,0,68533,294857,0,0,,,,
1416392910.4448,pg_toast,pg_toast_1255,0,0,0,0,0,0,0,0,0,0,0,0,0,0,,,,
1416392910.4448,pg_catalog,pg_seclabel,0,0,3394,0,0,0,0,0,0,0,0,0,314,3080,0,0,0,0
1416392910.4448,pg_toast,pg_toast_12335,0,0,0,0,0,0,0,0,0,0,0,0,0,0,,,,
1416392910.4448,pg_catalog,pg_ts_parser,0,0,0,0,0,0,0,0,0,0,0,0,0,0,,,,
1416392910.4448,pg_catalog,pg_trigger,0,0,0,0,0,0,0,0,0,0,0,0,0,0,0,0,0,0
1416392910.4448,public,part,6,12000000,0,0,2000000,0,0,0,2000000,0,79007,327715,0,0,,,,
1416392910.4448,pg_toast,pg_toast_12340,0,0,0,0,0,0,0,0,0,0,0,0,0,0,,,,
1416392910.4448,pg_catalog,pg_shseclabel,0,0,0,0,0,0,0,0,0,0,0,0,0,0,,,,
1416392910.4448,pg_catalog,pg_event_trigger,0,0,1289,0,0,0,0,0,0,0,0,0,354,935,,,,
1416392910.4448,information_schema,sql_features,0,0,,,0,0,0,0,0,0,0,0,,,0,0,0,0
1416392910.4448,information_schema,sql_languages,0,0,,,0,0,0,0,0,0,0,0,,,0,0,0,0
1416392910.4448,pg_catalog,pg_foreign_table,0,0,0,0,0,0,0,0,0,0,0,0,0,0,,,,
1416392910.4448,pg_catalog,pg_extension,0,0,0,0,0,0,0,0,0,0,0,0,0,0,,,,
1416392910.4448,pg_catalog,pg_ts_config,0,0,0,0,0,0,0,0,0,0,0,0,0,0,,,,
1416392910.4448,pg_catalog,pg_shdescription,0,0,0,0,0,0,0,0,0,0,0,0,0,0,0,0,0,0
1416392910.4448,pg_catalog,pg_cast,0,0,812167,192790,0,0,0,0,0,0,1087,191703,667,834817,,,,
1416392910.4448,pg_catalog,pg_amop,0,0,217489,316583,0,0,0,0,0,0,1602,314981,3544,460085,,,,
1416392910.4448,pg_catalog,pg_user_mapping,0,0,0,0,0,0,0,0,0,0,0,0,0,0,,,,
1416392910.4448,pg_toast,pg_toast_12315,0,0,0,0,0,0,0,0,0,0,0,0,0,0,,,,
1416392910.4448,pg_catalog,pg_type,0,0,575048,569380,1508,0,1508,0,360,21,3869,572304,5610,1181835,,,,
1416392910.4448,pg_catalog,pg_largeobject,0,0,0,0,0,0,0,0,0,0,0,0,0,0,,,,
1416392910.4448,information_schema,sql_parts,0,0,,,0,0,0,0,0,0,0,0,,,0,0,0,0
1416392910.4448,pg_catalog,pg_ts_config_map,0,0,0,0,0,0,0,0,0,0,0,0,0,0,,,,
1416392910.4448,pg_catalog,pg_largeobject_metadata,0,0,0,0,0,0,0,0,0,0,0,0,0,0,,,,
1416392910.4448,pg_catalog,pg_am,25332,25332,0,0,0,0,0,0,0,0,354,24978,0,0,,,,
1416392910.4448,public,nation,2,50,0,0,25,0,0,0,25,0,1,3,0,0,,,,
1416392910.4448,pg_catalog,pg_ts_template,0,0,0,0,0,0,0,0,0,0,0,0,0,0,,,,
1416392910.4448,pg_catalog,pg_foreign_server,0,0,0,0,0,0,0,0,0,0,0,0,0,0,,,,
1416392910.4448,pg_catalog,pg_namespace,1072,91120,137504,113474,2,0,0,0,2,0,568,115053,1635,161782,,,,
1416392910.4448,pg_toast,pg_toast_2619,0,0,100299,335992,4153,0,3957,0,219,16,33043,132330,1498,162887,,,,
1416392910.4448,pg_catalog,pg_authid,606,606,48408,48408,0,0,0,0,0,0,304,48710,1400,95416,,,,
1416392910.4448,pg_catalog,pg_default_acl,0,0,3044,0,0,0,0,0,0,0,0,0,319,2725,,,,
1416392910.4448,public,time_statistics,0,0,,,1,0,0,0,1,0,1,0,,,,,,
1416392910.4448,pg_catalog,pg_shdepend,0,0,4157,763,0,0,0,0,0,0,354,409,1357,4322,,,,
1416392910.4448,pg_catalog,pg_constraint,0,0,224,112,112,0,112,0,10,16,62,634,112,1128,0,0,0,0
1416392910.4448,information_schema,sql_implementation_info,0,0,,,0,0,0,0,0,0,0,0,,,0,0,0,0
1416392910.4448,pg_catalog,pg_index,3814,345793,270125,384138,595,0,599,0,139,43,3356,389113,1845,309033,,,,
1416392910.4448,pg_catalog,pg_ts_dict,0,0,0,0,0,0,0,0,0,0,0,0,0,0,,,,
1416392910.4448,pg_toast,pg_toast_2604,0,0,0,0,0,0,0,0,0,0,0,0,0,0,,,,
1416392910.4448,pg_toast,pg_toast_12325,0,0,0,0,0,0,0,0,0,0,0,0,0,0,,,,
1416392910.4448,information_schema,sql_sizing,0,0,,,0,0,0,0,0,0,0,0,,,0,0,0,0
1416392910.4448,pg_catalog,pg_proc,0,0,214714,317968,0,0,0,0,0,0,18584,213642,8954,466430,0,0,0,0
1416392970.44258,pg_catalog,pg_attrdef,0,0,0,0,0,0,0,0,0,0,0,0,0,0,0,0,0,0
1416392970.44258,pg_catalog,pg_db_role_setting,0,0,101684,0,0,0,0,0,0,0,0,0,304,101380,0,0,0,0
1416392970.44258,pg_catalog,pg_rowsecurity,0,0,0,0,0,0,0,0,0,0,0,0,0,0,,,,
1416392970.44258,pg_catalog,pg_description,0,0,3394,0,0,0,0,0,0,0,0,0,963,6586,0,0,0,0
1416392970.44258,pg_catalog,pg_foreign_data_wrapper,0,0,0,0,0,0,0,0,0,0,0,0,0,0,,,,
1416392970.44258,pg_catalog,pg_conversion,0,0,0,0,0,0,0,0,0,0,0,0,0,0,,,,
1416392970.44258,pg_catalog,pg_class,7763,1662252,604521,551752,1358,414,1360,403,335,83,7670,633917,5474,1264483,,,,
1416392970.44258,pg_catalog,pg_opfamily,0,0,0,0,0,0,0,0,0,0,0,0,0,0,,,,
1416392970.44258,pg_catalog,pg_auth_members,0,0,0,0,0,0,0,0,0,0,0,0,0,0,,,,
1416392970.44258,pg_catalog,pg_operator,0,0,185755,974798,0,0,0,0,0,0,5185,674137,4564,402797,,,,
1416392970.44258,pg_toast,pg_toast_12345,0,0,0,0,0,0,0,0,0,0,0,0,0,0,,,,
1416392970.44258,pg_catalog,pg_attribute,2134,14550,495460,1117033,4971,140,4976,140,2509,10,19623,550424,4584,1035473,,,,
1416392970.44258,pg_catalog,pg_tablespace,0,0,17290,17290,0,0,0,0,0,0,509,16781,1058,33602,,,,
1416392970.44258,pg_catalog,pg_statistic,0,0,136350,131092,1112,3103,1131,2944,448,104,13692,126698,1583,291441,33043,132333,1498,162896
1416392970.44258,pg_catalog,pg_aggregate,0,0,12921,12921,0,0,0,0,0,0,965,11956,2195,20332,,,,
1416392970.44258,pg_catalog,pg_inherits,0,0,761,0,0,0,0,0,0,0,0,0,335,426,,,,
1416392970.44258,pg_catalog,pg_enum,0,0,0,0,0,0,0,0,0,0,0,0,0,0,,,,
1416392970.44258,public,orders,4,60000000,0,0,15000000,0,0,0,15000000,0,504554,1558780,0,0,,,,
1416392970.44258,pg_toast,pg_toast_2396,0,0,0,0,0,0,0,0,0,0,0,0,0,0,,,,
1416392970.44258,pg_catalog,pg_pltemplate,0,0,0,0,0,0,0,0,0,0,0,0,0,0,,,,
1416392970.44258,pg_toast,pg_toast_2618,0,0,2565,8192,0,0,0,0,0,0,1489,1653,442,3694,,,,
1416392970.44258,pg_toast,pg_toast_3596,0,0,0,0,0,0,0,0,0,0,0,0,0,0,,,,
1416392970.44258,pg_toast,pg_toast_2606,0,0,0,0,0,0,0,0,0,0,0,0,0,0,,,,
1416392970.44258,pg_toast,pg_toast_2964,0,0,0,0,0,0,0,0,0,0,0,0,0,0,,,,
1416392970.44258,pg_toast,pg_toast_12330,0,0,0,0,0,0,0,0,0,0,0,0,0,0,,,,
1416392970.44258,pg_catalog,pg_database,1844,7046,82613,82613,0,0,0,0,0,0,217,84240,1361,132039,,,,
1416392970.44258,information_schema,sql_sizing_profiles,0,0,,,0,0,0,0,0,0,0,0,,,0,0,0,0
1416392970.44258,public,lineitem,7,419902364,0,0,59986052,0,0,0,59986052,0,6369660,4461824,0,0,,,,
1416392970.44258,pg_toast,pg_toast_2620,0,0,0,0,0,0,0,0,0,0,0,0,0,0,,,,
1416392970.44258,pg_catalog,pg_depend,0,0,31663,34046,5809,0,5814,0,6680,402,5760,40769,8125,82289,,,,
1416392970.44258,public,partsupp,3,24000000,0,0,8000000,0,0,0,8000000,0,340611,954509,0,0,,,,
1416392970.44258,pg_catalog,pg_language,0,0,0,0,0,0,0,0,0,0,0,0,0,0,,,,
1416392970.44258,pg_toast,pg_toast_12320,0,0,0,0,0,0,0,0,0,0,0,0,0,0,,,,
1416392970.44258,pg_catalog,pg_amproc,388,776,106103,166899,0,0,0,0,0,0,519,104378,945,236004,,,,
1416392970.44258,public,region,2,10,0,0,5,0,0,0,5,0,1,3,0,0,,,,
1416392970.44258,pg_catalog,pg_collation,0,0,0,0,0,0,0,0,0,0,0,0,0,0,,,,
1416392970.44258,pg_catalog,pg_range,0,0,5809,0,0,0,0,0,0,0,0,0,2334,9284,,,,
1416392970.44258,pg_toast,pg_toast_2609,0,0,0,0,0,0,0,0,0,0,0,0,0,0,,,,
1416392970.44258,pg_catalog,pg_opclass,388,388,146167,1647069,0,0,0,0,0,0,1137,653098,2335,178858,,,,
1416392970.44258,information_schema,sql_packages,0,0,,,0,0,0,0,0,0,0,0,,,0,0,0,0
1416392970.44258,public,supplier,4,400000,0,0,100000,0,0,0,100000,0,2312,15648,0,0,,,,
1416392970.44258,pg_catalog,pg_rewrite,0,0,6043,4801,414,0,414,0,111,14,3002,5313,1382,8926,1489,1653,884,7388
1416392970.44258,public,customer,6,9000000,0,0,1500000,0,0,0,1500000,0,68533,294857,0,0,,,,
1416392970.44258,pg_toast,pg_toast_1255,0,0,0,0,0,0,0,0,0,0,0,0,0,0,,,,
1416392970.44258,pg_catalog,pg_seclabel,0,0,3394,0,0,0,0,0,0,0,0,0,314,3080,0,0,0,0
1416392970.44258,pg_toast,pg_toast_12335,0,0,0,0,0,0,0,0,0,0,0,0,0,0,,,,
1416392970.44258,pg_catalog,pg_ts_parser,0,0,0,0,0,0,0,0,0,0,0,0,0,0,,,,
1416392970.44258,pg_catalog,pg_trigger,0,0,0,0,0,0,0,0,0,0,0,0,0,0,0,0,0,0
1416392970.44258,public,part,6,12000000,0,0,2000000,0,0,0,2000000,0,79007,327715,0,0,,,,
1416392970.44258,pg_toast,pg_toast_12340,0,0,0,0,0,0,0,0,0,0,0,0,0,0,,,,
1416392970.44258,pg_catalog,pg_shseclabel,0,0,0,0,0,0,0,0,0,0,0,0,0,0,,,,
1416392970.44258,pg_catalog,pg_event_trigger,0,0,1291,0,0,0,0,0,0,0,0,0,354,937,,,,
1416392970.44258,information_schema,sql_features,0,0,,,0,0,0,0,0,0,0,0,,,0,0,0,0
1416392970.44258,information_schema,sql_languages,0,0,,,0,0,0,0,0,0,0,0,,,0,0,0,0
1416392970.44258,pg_catalog,pg_foreign_table,0,0,0,0,0,0,0,0,0,0,0,0,0,0,,,,
1416392970.44258,pg_catalog,pg_extension,0,0,0,0,0,0,0,0,0,0,0,0,0,0,,,,
1416392970.44258,pg_catalog,pg_ts_config,0,0,0,0,0,0,0,0,0,0,0,0,0,0,,,,
1416392970.44258,pg_catalog,pg_shdescription,0,0,0,0,0,0,0,0,0,0,0,0,0,0,0,0,0,0
1416392970.44258,pg_catalog,pg_cast,0,0,812262,192832,0,0,0,0,0,0,1087,191745,667,834919,,,,
1416392970.44258,pg_catalog,pg_amop,0,0,217522,316624,0,0,0,0,0,0,1602,315022,3544,460159,,,,
1416392970.44258,pg_catalog,pg_user_mapping,0,0,0,0,0,0,0,0,0,0,0,0,0,0,,,,
1416392970.44258,pg_toast,pg_toast_12315,0,0,0,0,0,0,0,0,0,0,0,0,0,0,,,,
1416392970.44258,pg_catalog,pg_type,0,0,575143,569475,1508,0,1508,0,360,21,3869,572399,5610,1182032,,,,
1416392970.44258,pg_catalog,pg_largeobject,0,0,0,0,0,0,0,0,0,0,0,0,0,0,,,,
1416392970.44258,information_schema,sql_parts,0,0,,,0,0,0,0,0,0,0,0,,,0,0,0,0
1416392970.44258,pg_catalog,pg_ts_config_map,0,0,0,0,0,0,0,0,0,0,0,0,0,0,,,,
1416392970.44258,pg_catalog,pg_largeobject_metadata,0,0,0,0,0,0,0,0,0,0,0,0,0,0,,,,
1416392970.44258,pg_catalog,pg_am,25340,25340,0,0,0,0,0,0,0,0,354,24986,0,0,,,,
1416392970.44258,public,nation,2,50,0,0,25,0,0,0,25,0,1,3,0,0,,,,
1416392970.44258,pg_catalog,pg_ts_template,0,0,0,0,0,0,0,0,0,0,0,0,0,0,,,,
1416392970.44258,pg_catalog,pg_foreign_server,0,0,0,0,0,0,0,0,0,0,0,0,0,0,,,,
1416392970.44258,pg_catalog,pg_namespace,1074,91292,137663,113626,2,0,0,0,2,0,568,115209,1635,161951,,,,
1416392970.44258,pg_toast,pg_toast_2619,0,0,100302,335998,4153,0,3957,0,219,16,33043,132333,1498,162896,,,,
1416392970.44258,pg_catalog,pg_authid,607,607,48418,48418,0,0,0,0,0,0,304,48721,1400,95436,,,,
1416392970.44258,pg_catalog,pg_default_acl,0,0,3044,0,0,0,0,0,0,0,0,0,319,2725,,,,
1416392970.44258,public,time_statistics,0,0,,,1,0,0,0,1,0,1,0,,,,,,
1416392970.44258,pg_catalog,pg_shdepend,0,0,4157,763,0,0,0,0,0,0,354,409,1357,4322,,,,
1416392970.44258,pg_catalog,pg_constraint,0,0,224,112,112,0,112,0,10,16,62,634,112,1128,0,0,0,0
1416392970.44258,information_schema,sql_implementation_info,0,0,,,0,0,0,0,0,0,0,0,,,0,0,0,0
1416392970.44258,pg_catalog,pg_index,3819,346488,270187,384223,597,0,599,0,141,43,3356,389218,1845,309112,,,,
1416392970.44258,pg_catalog,pg_ts_dict,0,0,0,0,0,0,0,0,0,0,0,0,0,0,,,,
1416392970.44258,pg_toast,pg_toast_2604,0,0,0,0,0,0,0,0,0,0,0,0,0,0,,,,
1416392970.44258,pg_toast,pg_toast_12325,0,0,0,0,0,0,0,0,0,0,0,0,0,0,,,,
1416392970.44258,information_schema,sql_sizing,0,0,,,0,0,0,0,0,0,0,0,,,0,0,0,0
1416392970.44258,pg_catalog,pg_proc,0,0,214793,318082,0,0,0,0,0,0,18584,213741,8954,466599,0,0,0,0
